prop,count,
http://schema.org/description,198293,
http://www.w3.org/2000/01/rdf-schema#label,32468,
http://www.wikidata.org/P186,21317,made from material
http://www.wikidata.org/P186,21315,
http://www.wikidata.org/P31,20154,
http://www.wikidata.org/P31,20154,
http://www.wikidata.org/P170,17146,
http://www.wikidata.org/P170,17120,
http://schema.org/version,16643,
http://schema.org/dateModified,16643,
http://wikiba.se/ontology#statements,16641,
http://wikiba.se/ontology#sitelinks,16641,
http://wikiba.se/ontology#identifiers,16641,
http://www.wikidata.org/P195,15875,
http://www.wikidata.org/P195,15695,
http://www.wikidata.org/P1476,12564,
http://www.wikidata.org/P1476,12536,
http://www.wikidata.org/P217,12267,
http://www.wikidata.org/P571,12215,
http://www.wikidata.org/P571,12159,
http://www.wikidata.org/P217,12092,
http://www.wikidata.org/P276,11562,
http://www.wikidata.org/P276,11554,
http://www.wikidata.org/P2048,11366,
http://www.wikidata.org/P2048,11341,
http://www.wikidata.org/P2049,11324,
http://www.wikidata.org/P2049,11304,
http://www.wikidata.org/P18,11194,
http://www.wikidata.org/P18,11171,
http://www.wikidata.org/P6216,8850,
http://www.wikidata.org/P6216,8825,
http://www.wikidata.org/P180,6895,
http://www.wikidata.org/P180,6874,
http://www.wikidata.org/P973,6317,
http://www.wikidata.org/P973,6314,
http://www.wikidata.org/P136,5681,
http://www.wikidata.org/P136,5680,
http://www.wikidata.org/P1433,3721,
http://www.wikidata.org/P1433,3717,
http://www.wikidata.org/P528,3376,
http://www.wikidata.org/P528,3190,
http://www.w3.org/2004/02/skos/core#altLabel,2453,
http://www.wikidata.org/P6108,2190,
http://www.wikidata.org/P6108,2190,
http://www.wikidata.org/P953,2131,
http://www.wikidata.org/P953,2118,
http://www.wikidata.org/P5823,1910,
http://www.wikidata.org/P5823,1910,
http://www.wikidata.org/P1684,1617,
http://www.wikidata.org/P1684,1617,
http://www.wikidata.org/P5269,1613,
http://www.wikidata.org/P5269,1613,
http://www.wikidata.org/P1257,1605,
http://www.wikidata.org/P1257,1605,
http://www.wikidata.org/P921,973,
http://www.wikidata.org/P921,973,
http://www.wikidata.org/P9061,922,
http://www.wikidata.org/P9061,922,
http://www.wikidata.org/P373,832,
http://www.wikidata.org/P373,832,
http://www.wikidata.org/P17,751,
http://www.wikidata.org/P17,751,
http://www.wikidata.org/P131,750,
http://www.wikidata.org/P131,749,
http://www.wikidata.org/P625,664,
http://www.wikidata.org/P625,660,
http://www.wikidata.org/P10760,643,
http://www.wikidata.org/P10760,643,
http://www.wikidata.org/P10759,478,
http://www.wikidata.org/P10759,478,
http://www.wikidata.org/P608,477,
http://www.wikidata.org/P608,476,
http://www.wikidata.org/P2671,419,
http://www.wikidata.org-normalized/P2671,419,
http://www.wikidata.org/P2671,419,
http://www.wikidata.org/P8948,383,
http://www.wikidata.org/P8948,383,
http://www.wikidata.org/P1038,357,
http://www.wikidata.org/P1038,357,
http://www.wikidata.org/P21,355,
http://www.wikidata.org/P21,355,
http://www.wikidata.org/P1441,351,
http://www.wikidata.org/P1441,351,
http://www.w3.org/1999/02/22-rdf-syntax-ns#type,343,
http://www.wikidata.org/P361,313,
http://www.wikidata.org/P361,313,
http://www.wikidata.org/P1435,283,
http://www.wikidata.org/P1435,283,
http://www.wikidata.org/P4683,275,
http://www.wikidata.org/P4683,275,
http://www.wikidata.org/P11057,244,
http://www.wikidata.org/P11057,244,
http://www.wikidata.org/P547,240,
http://www.wikidata.org/P547,240,
http://www.wikidata.org/P2079,232,
http://www.wikidata.org/P2079,232,
http://www.wikidata.org/P4701,212,
http://www.wikidata.org/P4701,211,
http://www.wikidata.org/P106,207,
http://www.wikidata.org/P106,207,
http://www.wikidata.org/P127,204,
http://www.wikidata.org/P793,204,
http://www.wikidata.org/P793,202,
http://www.wikidata.org/P4765,197,
http://www.wikidata.org/P4765,197,
http://www.wikidata.org/P127,196,
http://www.wikidata.org/P8430,189,
http://www.wikidata.org/P8430,189,
http://www.wikidata.org/P527,179,
http://www.wikidata.org/P527,179,
http://www.wikidata.org/P7842,165,
http://www.wikidata.org/P7842,165,
http://www.wikidata.org/P6736,158,
http://www.wikidata.org/P1071,156,
http://www.wikidata.org/P1071,156,
http://www.wikidata.org/P1619,156,
http://www.wikidata.org/P1619,156,
http://www.wikidata.org/P6736,144,
http://www.wikidata.org/P6375,136,
http://www.wikidata.org/P6375,136,
http://www.wikidata.org/P10254,135,
http://www.wikidata.org/P10254,135,
http://www.wikidata.org/P8923,134,
http://www.wikidata.org/P8923,134,
http://www.wikidata.org/P2817,133,
http://www.wikidata.org/P2817,133,
http://www.wikidata.org/P646,132,
http://www.wikidata.org-normalized/P646,132,
http://www.wikidata.org/P646,132,
http://www.wikidata.org/P6500,131,
http://www.wikidata.org/P6500,131,
http://www.wikidata.org/P2951,129,
http://www.wikidata.org/P9154,129,
http://www.wikidata.org/P2951,129,
http://www.wikidata.org/P9154,129,
http://www.wikidata.org/P1680,124,
http://www.wikidata.org/P1680,124,
http://www.wikidata.org/P669,120,
http://www.wikidata.org/P669,120,
http://www.wikidata.org/P135,117,
http://www.wikidata.org/P135,117,
http://www.wikidata.org/P140,111,
http://www.wikidata.org/P140,111,
http://www.wikidata.org/P144,108,
http://www.wikidata.org/P144,108,
http://www.wikidata.org/P495,105,
http://www.wikidata.org/P495,105,
http://www.wikidata.org/P175,104,
http://www.wikidata.org/P175,104,
http://www.wikidata.org/P1448,98,
http://www.wikidata.org/P1448,98,
http://www.wikidata.org/P26,85,
http://www.wikidata.org/P26,85,
http://www.wikidata.org/P1343,84,
http://www.wikidata.org/P1343,84,
http://www.wikidata.org/P2610,83,
http://www.wikidata.org/P2610,83,
http://www.wikidata.org/P10270,82,
http://www.wikidata.org/P10270,82,
http://www.wikidata.org/P9471,81,
http://www.wikidata.org/P9471,81,
http://www.wikidata.org/P227,75,
http://www.wikidata.org-normalized/P227,75,
http://www.wikidata.org/P227,75,
http://www.wikidata.org/P40,75,
http://www.wikidata.org/P40,75,
http://www.wikidata.org/P8988,73,
http://www.wikidata.org/P8988,73,
http://www.wikidata.org/P3634,70,
http://www.wikidata.org/P3634,70,
http://www.wikidata.org/P3373,68,
http://www.wikidata.org/P3373,68,
http://www.wikidata.org/P4075,67,
http://www.wikidata.org/P4075,67,
http://www.wikidata.org/P126,65,
http://www.wikidata.org/P126,65,
http://www.wikidata.org/P1705,62,
http://www.wikidata.org/P1705,62,
http://www.wikidata.org/P762,60,
http://www.wikidata.org/P762,60,
http://www.wikidata.org/P6004,59,
http://www.wikidata.org/P6004,59,
http://www.wikidata.org/P1679,58,
http://www.wikidata.org/P1679,58,
http://www.wikidata.org/P347,54,
http://www.wikidata.org/P347,54,
http://www.wikidata.org/P9942,54,
http://www.wikidata.org/P9942,54,
http://www.wikidata.org/P84,53,
http://www.wikidata.org/P84,53,
http://www.wikidata.org/P577,52,
http://www.wikidata.org/P577,52,
http://www.wikidata.org/P2539,49,
http://www.wikidata.org/P2539,49,
http://www.wikidata.org/P1889,48,
http://www.wikidata.org/P1889,48,
http://www.wikidata.org/P1196,48,
http://www.wikidata.org/P1196,48,
http://www.wikidata.org/P511,41,
http://www.wikidata.org/P511,41,
http://www.wikidata.org/P8917,39,
http://www.wikidata.org/P8917,39,
http://www.wikidata.org/P935,37,
http://www.wikidata.org/P910,37,
http://www.wikidata.org/P910,37,
http://www.wikidata.org/P935,37,
http://www.wikidata.org-normalized/P350,37,
http://www.wikidata.org/P350,37,
http://www.wikidata.org/P350,37,
http://www.wikidata.org/P10187,35,
http://www.wikidata.org/P10187,35,
http://www.wikidata.org/P138,35,
http://www.wikidata.org/P138,35,
http://www.wikidata.org/P2581,34,
http://www.wikidata.org-normalized/P2581,34,
http://www.wikidata.org/P2581,34,
http://www.wikidata.org/P179,34,
http://www.wikidata.org/P179,34,
http://www.wikidata.org/P25,33,
http://www.wikidata.org/P25,33,
http://www.wikidata.org/P5383,32,
http://www.wikidata.org/P5383,32,
http://www.wikidata.org/P279,32,
http://www.wikidata.org/P279,32,
http://www.wikidata.org/P407,31,
http://www.wikidata.org/P407,31,
http://www.wikidata.org/P451,31,
http://www.wikidata.org/P451,31,
http://www.wikidata.org/P509,31,
http://www.wikidata.org/P509,31,
http://www.wikidata.org/P214,30,
http://www.wikidata.org-normalized/P214,30,
http://www.wikidata.org/P214,30,
http://www.wikidata.org/P7420,27,
http://www.wikidata.org/P7420,27,
http://www.wikidata.org/P4219,27,
http://www.wikidata.org/P4219,27,
http://www.wikidata.org/P5800,26,
http://www.wikidata.org/P5800,26,
http://www.wikidata.org/P7959,26,
http://www.wikidata.org/P7959,26,
http://www.wikidata.org/P22,26,
http://www.wikidata.org/P22,26,
http://www.wikidata.org/P1216,26,
http://www.wikidata.org/P8639,25,
http://www.wikidata.org/P8639,25,
http://www.wikidata.org/P9092,24,
http://www.wikidata.org/P9092,24,
http://www.wikidata.org/P2093,24,
http://www.wikidata.org/P2093,24,
http://www.wikidata.org/P1216,24,
http://www.wikidata.org/P4627,23,
http://www.wikidata.org/P4627,23,
http://www.wikidata.org/P3711,23,
http://www.wikidata.org/P3711,23,
http://www.wikidata.org/P88,23,
http://www.wikidata.org/P88,23,
http://www.wikidata.org/P7984,23,
http://www.wikidata.org/P7984,23,
http://www.wikidata.org/P735,22,
http://www.wikidata.org/P735,22,
http://www.wikidata.org/P5008,22,
http://www.wikidata.org/P5008,22,
http://www.wikidata.org/P2561,22,
http://www.wikidata.org/P2561,22,
http://www.wikidata.org/P613,22,
http://www.wikidata.org/P613,22,
http://www.wikidata.org/P4659,21,
http://www.wikidata.org/P4659,21,
http://www.wikidata.org/P487,20,
http://www.wikidata.org/P487,20,
http://www.wikidata.org/P244,19,
http://www.wikidata.org-normalized/P244,19,
http://www.wikidata.org/P244,19,
http://www.wikidata.org/P576,19,
http://www.wikidata.org/P576,19,
http://www.wikidata.org/P4905,18,
http://www.wikidata.org/P4905,18,
http://www.wikidata.org/P9144,18,
http://www.wikidata.org/P9144,18,
http://www.wikidata.org/P4373,18,
http://www.wikidata.org/P4373,18,
http://www.wikidata.org/P674,17,
http://www.wikidata.org/P674,17,
http://www.wikidata.org/P2014,16,
http://www.wikidata.org/P2014,16,
http://www.wikidata.org/P3342,16,
http://www.wikidata.org/P3342,16,
http://www.wikidata.org/P1050,16,
http://www.wikidata.org/P1050,16,
http://www.wikidata.org/P1813,16,
http://www.wikidata.org/P1813,16,
http://www.wikidata.org/P149,15,
http://www.wikidata.org/P149,15,
http://www.wikidata.org/P691,15,
http://www.wikidata.org/P691,15,
http://www.wikidata.org/P580,15,
http://www.wikidata.org/P580,15,
http://www.wikidata.org/P825,15,
http://www.wikidata.org/P825,15,
http://www.wikidata.org/P1184,15,
http://www.wikidata.org/P1184,15,
http://www.wikidata.org/P176,15,
http://www.wikidata.org/P176,15,
http://www.wikidata.org/P3018,14,
http://www.wikidata.org/P3018,14,
http://www.wikidata.org/P1417,14,
http://www.wikidata.org/P1417,14,
http://www.wikidata.org/P9394,13,
http://www.wikidata.org/P9394,13,
http://www.wikidata.org/P2043,13,
http://www.wikidata.org/P2043,13,
http://www.wikidata.org/P937,13,
http://www.wikidata.org/P937,13,
http://www.wikidata.org/P4969,13,
http://www.wikidata.org/P4969,13,
http://www.wikidata.org/P5816,13,
http://www.wikidata.org/P5816,13,
http://www.wikidata.org/P345,12,
http://www.wikidata.org/P2284,12,
http://www.wikidata.org/P2284,12,
http://www.wikidata.org/P1449,12,
http://www.wikidata.org/P1449,12,
http://www.wikidata.org/P2348,12,
http://www.wikidata.org/P2348,12,
http://www.wikidata.org/P3417,11,
http://www.wikidata.org/P3417,11,
http://www.wikidata.org/P941,11,
http://www.wikidata.org/P941,11,
http://www.wikidata.org/P8189,11,
http://www.wikidata.org/P8189,11,
http://www.wikidata.org/P1957,11,
http://www.wikidata.org/P1957,11,
http://www.wikidata.org/P7153,11,
http://www.wikidata.org/P7153,11,
http://www.wikidata.org/P50,10,
http://www.wikidata.org/P50,10,
http://www.wikidata.org/P460,10,
http://www.wikidata.org/P460,10,
http://www.wikidata.org/P1028,10,
http://www.wikidata.org/P1028,10,
http://www.wikidata.org/P243,10,
http://www.wikidata.org-normalized/P243,10,
http://www.wikidata.org/P243,10,
http://www.wikidata.org/P291,10,
http://www.wikidata.org/P291,10,
http://www.wikidata.org/P10779,10,
http://www.wikidata.org/P10779,10,
http://www.wikidata.org/P1299,9,
http://www.wikidata.org/P1299,9,
http://www.wikidata.org/P4610,9,
http://www.wikidata.org/P4610,9,
http://www.wikidata.org/P767,9,
http://www.wikidata.org/P767,9,
http://www.wikidata.org/P6482,9,
http://www.wikidata.org/P6482,9,
http://www.wikidata.org/P8960,9,
http://www.wikidata.org/P8960,9,
http://www.wikidata.org/P2092,9,
http://www.wikidata.org/P2092,9,
http://www.wikidata.org/P10689,9,
http://www.wikidata.org/P10689,9,
http://www.wikidata.org/P2386,9,
http://www.wikidata.org/P2386,9,
http://www.wikidata.org/P6379,9,
http://www.wikidata.org/P6379,9,
http://www.wikidata.org/P6355,9,
http://www.wikidata.org/P6355,9,
http://www.wikidata.org/P734,9,
http://www.wikidata.org/P734,9,
http://www.wikidata.org/P268,9,
http://www.wikidata.org-normalized/P268,9,
http://www.wikidata.org/P268,9,
http://www.wikidata.org/P156,9,
http://www.wikidata.org/P156,9,
http://www.wikidata.org/P7851,9,
http://www.wikidata.org/P9473,9,
http://www.wikidata.org/P7851,9,
http://www.wikidata.org/P9473,9,
http://www.wikidata.org/P747,9,
http://www.wikidata.org/P747,9,
http://www.wikidata.org/P6366,8,
http://www.wikidata.org-normalized/P6366,8,
http://www.wikidata.org/P6366,8,
http://www.wikidata.org/P856,8,
http://www.wikidata.org/P856,8,
http://www.wikidata.org/P2681,8,
http://www.wikidata.org/P2681,8,
http://www.wikidata.org/P5499,8,
http://www.wikidata.org/P5499,8,
http://www.wikidata.org/P269,8,
http://www.wikidata.org-normalized/P269,8,
http://www.wikidata.org/P269,8,
http://www.wikidata.org/P6152,8,
http://www.wikidata.org/P6152,8,
http://www.wikidata.org/P3712,8,
http://www.wikidata.org/P3712,8,
http://www.wikidata.org/P4713,7,
http://www.wikidata.org/P4713,7,
http://www.wikidata.org/P7937,7,
http://www.wikidata.org/P7937,7,
http://www.wikidata.org/P10283,7,
http://www.wikidata.org/P10283,7,
http://www.wikidata.org/P1212,7,
http://www.wikidata.org/P3893,7,
http://www.wikidata.org/P3893,7,
http://www.wikidata.org/P1212,7,
http://www.wikidata.org/P86,7,
http://www.wikidata.org/P86,7,
http://www.wikidata.org/P345,7,
http://www.wikidata.org/P3138,7,
http://www.wikidata.org/P4935,7,
http://www.wikidata.org/P4935,7,
http://www.wikidata.org/P3138,7,
http://www.wikidata.org/P582,7,
http://www.wikidata.org/P582,7,
http://www.wikidata.org/P2044,7,
http://www.wikidata.org/P2044,7,
http://www.wikidata.org/P2789,7,
http://www.wikidata.org/P2789,7,
http://www.wikidata.org/P8408,7,
http://www.wikidata.org-normalized/P8408,7,
http://www.wikidata.org/P8408,7,
http://www.wikidata.org/P123,7,
http://www.wikidata.org/P123,7,
http://www.wikidata.org/P4692,7,
http://www.wikidata.org/P4692,7,
http://www.wikidata.org/P6141,7,
http://www.wikidata.org/P6141,7,
http://www.wikidata.org/P4625,6,
http://www.wikidata.org/P4625,6,
http://www.wikidata.org/P7457,6,
http://www.wikidata.org/P7457,6,
http://www.wikidata.org/P570,6,
http://www.wikidata.org/P570,6,
http://www.wikidata.org/P2682,6,
http://www.wikidata.org/P2682,6,
http://www.wikidata.org/P364,6,
http://www.wikidata.org/P4983,6,
http://www.wikidata.org/P364,6,
http://www.wikidata.org/P4983,6,
http://www.wikidata.org/P6721,6,
http://www.wikidata.org-normalized/P6721,6,
http://www.wikidata.org/P6721,6,
http://www.wikidata.org/P6323,6,
http://www.wikidata.org/P6323,6,
http://www.wikidata.org/P8922,6,
http://www.wikidata.org/P8922,6,
http://www.wikidata.org/P6246,6,
http://www.wikidata.org/P6246,6,
http://www.wikidata.org/P1566,6,
http://www.wikidata.org-normalized/P1566,6,
http://www.wikidata.org/P1566,6,
http://www.wikidata.org/P1014,6,
http://www.wikidata.org/P1412,6,
http://www.wikidata.org/P1412,6,
http://www.wikidata.org/P137,6,
http://www.wikidata.org/P137,6,
http://www.wikidata.org/P2347,6,
http://www.wikidata.org-normalized/P2347,6,
http://www.wikidata.org/P2347,6,
http://www.wikidata.org/P155,6,
http://www.wikidata.org/P155,6,
http://www.wikidata.org/P97,6,
http://www.wikidata.org/P97,6,
http://www.wikidata.org/P840,6,
http://www.wikidata.org/P840,6,
http://www.wikidata.org/P4712,5,
http://www.wikidata.org/P4712,5,
http://www.wikidata.org/P10750,5,
http://www.wikidata.org/P10750,5,
http://www.wikidata.org/P7678,5,
http://www.wikidata.org/P7678,5,
http://www.wikidata.org/P1113,5,
http://www.wikidata.org/P2437,5,
http://www.wikidata.org/P4835,5,
http://www.wikidata.org/P5327,5,
http://www.wikidata.org/P1113,5,
http://www.wikidata.org/P177,5,
http://www.wikidata.org/P177,5,
http://www.wikidata.org/P2437,5,
http://www.wikidata.org/P4835,5,
http://www.wikidata.org/P5327,5,
http://www.wikidata.org/P8906,5,
http://www.wikidata.org/P8906,5,
http://www.wikidata.org/P2424,5,
http://www.wikidata.org/P2424,5,
http://www.wikidata.org/P10039,5,
http://www.wikidata.org/P10039,5,
http://www.wikidata.org/P9051,5,
http://www.wikidata.org/P9051,5,
http://www.wikidata.org/P1014,5,
http://www.wikidata.org/P7749,5,
http://www.wikidata.org-normalized/P1014,5,
http://www.wikidata.org/P7749,5,
http://www.wikidata.org/P9787,5,
http://www.wikidata.org/P9789,5,
http://www.wikidata.org/P9787,5,
http://www.wikidata.org/P9789,5,
http://www.wikidata.org/P3827,5,
http://www.wikidata.org/P8814,5,
http://www.wikidata.org/P2924,5,
http://www.wikidata.org/P3827,5,
http://www.wikidata.org/P8814,5,
http://www.wikidata.org/P8313,5,
http://www.wikidata.org/P2924,5,
http://www.wikidata.org/P8313,5,
http://www.wikidata.org/P4684,5,
http://www.wikidata.org/P4684,5,
http://www.wikidata.org/P4511,5,
http://www.wikidata.org/P4511,5,
http://www.wikidata.org/P3365,5,
http://www.wikidata.org/P3365,5,
http://www.wikidata.org/P6631,5,
http://www.wikidata.org/P6631,5,
http://www.wikidata.org/P542,4,
http://www.wikidata.org/P542,4,
http://www.wikidata.org/P5524,4,
http://www.wikidata.org/P27,4,
http://www.wikidata.org/P27,4,
http://www.wikidata.org/P569,4,
http://www.wikidata.org/P569,4,
http://www.wikidata.org/P1656,4,
http://www.wikidata.org/P1656,4,
http://www.wikidata.org/P5524,4,
http://www.wikidata.org/P1326,4,
http://www.wikidata.org/P1326,4,
http://www.wikidata.org/P1639,4,
http://www.wikidata.org/P1639,4,
http://www.wikidata.org/P2047,4,
http://www.wikidata.org/P6643,4,
http://www.wikidata.org/P2047,4,
http://www.wikidata.org/P6643,4,
http://www.wikidata.org/P8916,4,
http://www.wikidata.org/P8916,4,
http://www.wikidata.org/P287,4,
http://www.wikidata.org/P287,4,
http://www.wikidata.org/P421,4,
http://www.wikidata.org/P7305,4,
http://www.wikidata.org/P7859,4,
http://www.wikidata.org/P421,4,
http://www.wikidata.org/P7305,4,
http://www.wikidata.org/P7859,4,
http://www.wikidata.org/P1398,4,
http://www.wikidata.org/P1398,4,
http://www.wikidata.org/P1801,4,
http://www.wikidata.org/P1436,4,
http://www.wikidata.org/P1801,4,
http://www.wikidata.org/P6568,4,
http://www.wikidata.org/P6568,4,
http://www.wikidata.org/P2067,4,
http://www.wikidata.org/P2067,4,
http://www.wikidata.org/P3783,4,
http://www.wikidata.org/P3783,4,
http://www.wikidata.org/P2186,4,
http://www.wikidata.org/P2186,4,
http://www.wikidata.org/P481,4,
http://www.wikidata.org/P481,4,
http://www.wikidata.org/P740,4,
http://www.wikidata.org/P740,4,
http://www.wikidata.org/P5407,4,
http://www.wikidata.org/P5407,4,
http://www.wikidata.org/P7772,4,
http://www.wikidata.org/P7772,4,
http://www.wikidata.org/P1477,4,
http://www.wikidata.org/P1477,4,
http://www.wikidata.org/P8946,4,
http://www.wikidata.org/P8946,4,
http://www.wikidata.org/P508,4,
http://www.wikidata.org/P1256,4,
http://www.wikidata.org/P3553,4,
http://www.wikidata.org-normalized/P508,4,
http://www.wikidata.org-normalized/P1256,4,
http://www.wikidata.org/P508,4,
http://www.wikidata.org/P1256,4,
http://www.wikidata.org/P3553,4,
http://www.wikidata.org/P4342,4,
http://www.wikidata.org/P4342,4,
http://www.wikidata.org/P2634,4,
http://www.wikidata.org/P2634,4,
http://www.wikidata.org/P8031,4,
http://www.wikidata.org/P8031,4,
http://www.wikidata.org/P3222,4,
http://www.wikidata.org/P3222,4,
http://www.wikidata.org/P8905,4,
http://www.wikidata.org/P8905,4,
http://www.wikidata.org/P10121,4,
http://www.wikidata.org/P10121,4,
http://www.wikidata.org/P87,4,
http://www.wikidata.org/P87,4,
http://www.wikidata.org/P3569,4,
http://www.wikidata.org/P3569,4,
http://www.wikidata.org/P4525,4,
http://www.wikidata.org-normalized/P4525,4,
http://www.wikidata.org/P4525,4,
http://www.wikidata.org/P349,4,
http://www.wikidata.org-normalized/P349,4,
http://www.wikidata.org/P349,4,
http://www.wikidata.org/P10565,4,
http://www.wikidata.org/P1424,4,
http://www.wikidata.org/P10565,4,
http://www.wikidata.org/P1424,4,
http://www.wikidata.org/P1482,4,
http://www.wikidata.org/P797,4,
http://www.wikidata.org/P797,4,
http://www.wikidata.org/P19,3,
http://www.wikidata.org/P19,3,
http://www.wikidata.org/P1340,3,
http://www.wikidata.org/P4479,3,
http://www.wikidata.org/P5905,3,
http://www.wikidata.org/P6181,3,
http://www.wikidata.org/P1340,3,
http://www.wikidata.org/P4479,3,
http://www.wikidata.org/P5905,3,
http://www.wikidata.org/P6181,3,
http://www.wikidata.org/P7293,3,
http://www.wikidata.org/P7293,3,
http://www.wikidata.org/P6805,3,
http://www.wikidata.org/P6805,3,
http://www.wikidata.org/P1436,3,
http://www.wikidata.org/P2130,3,
http://www.wikidata.org/P2130,3,
http://www.wikidata.org/P7561,3,
http://www.wikidata.org/P7561,3,
http://www.wikidata.org/P443,3,
http://www.wikidata.org/P443,3,
http://www.wikidata.org/P2603,3,
http://www.wikidata.org/P2603,3,
http://www.wikidata.org/P166,3,
http://www.wikidata.org/P166,3,
http://www.wikidata.org/P5265,3,
http://www.wikidata.org/P5265,3,
http://www.wikidata.org/P8514,3,
http://www.wikidata.org/P8514,3,
http://www.wikidata.org/P8583,3,
http://www.wikidata.org/P8583,3,
http://www.wikidata.org/P1064,3,
http://www.wikidata.org/P1100,3,
http://www.wikidata.org/P2978,3,
http://www.wikidata.org/P1587,3,
http://www.wikidata.org/P1587,3,
http://www.wikidata.org/P2344,3,
http://www.wikidata.org/P2344,3,
http://www.wikidata.org/P2108,3,
http://www.wikidata.org/P2108,3,
http://www.wikidata.org/P1064,3,
http://www.wikidata.org/P1100,3,
http://www.wikidata.org/P2978,3,
http://www.wikidata.org/P1092,3,
http://www.wikidata.org/P1092,3,
http://www.wikidata.org/P4611,3,
http://www.wikidata.org/P4611,3,
http://www.wikidata.org/P4584,3,
http://www.wikidata.org/P4675,3,
http://www.wikidata.org/P4584,3,
http://www.wikidata.org/P4675,3,
http://www.wikidata.org/P10431,3,
http://www.wikidata.org/P6291,3,
http://www.wikidata.org/P6291,3,
http://www.wikidata.org/P8909,3,
http://www.wikidata.org/P8909,3,
http://www.wikidata.org/P10312,3,
http://www.wikidata.org/P10312,3,
http://www.wikidata.org/P167,3,
http://www.wikidata.org/P167,3,
http://www.wikidata.org/P1191,3,
http://www.wikidata.org/P1191,3,
http://www.wikidata.org/P8907,3,
http://www.wikidata.org/P8907,3,
http://www.wikidata.org/P724,3,
http://www.wikidata.org/P724,3,
http://www.wikidata.org/P585,3,
http://www.wikidata.org/P585,3,
http://www.wikidata.org/P6002,3,
http://www.wikidata.org/P6002,3,
http://www.wikidata.org/P950,3,
http://www.wikidata.org/P1051,3,
http://www.wikidata.org/P2163,3,
http://www.wikidata.org/P3847,3,
http://www.wikidata.org-normalized/P950,3,
http://www.wikidata.org-normalized/P2163,3,
http://www.wikidata.org/P950,3,
http://www.wikidata.org/P1051,3,
http://www.wikidata.org/P2163,3,
http://www.wikidata.org/P3847,3,
http://www.wikidata.org/P161,3,
http://www.wikidata.org/P161,3,
http://www.wikidata.org/P435,2,
http://www.wikidata.org-normalized/P435,2,
http://www.wikidata.org/P435,2,
http://www.wikidata.org/P4740,2,
http://www.wikidata.org/P4740,2,
http://www.wikidata.org/P8640,2,
http://www.wikidata.org/P8640,2,
http://www.wikidata.org/P5986,2,
http://www.wikidata.org/P5986,2,
http://www.wikidata.org/P4834,2,
http://www.wikidata.org/P8931,2,
http://www.wikidata.org/P8931,2,
http://www.wikidata.org/P8521,2,
http://www.wikidata.org/P8521,2,
http://www.wikidata.org/P4834,2,
http://www.wikidata.org/P4674,2,
http://www.wikidata.org/P4674,2,
http://www.wikidata.org/P154,2,
http://www.wikidata.org/P159,2,
http://www.wikidata.org/P154,2,
http://www.wikidata.org/P159,2,
http://www.wikidata.org/P749,2,
http://www.wikidata.org/P1207,2,
http://www.wikidata.org/P1695,2,
http://www.wikidata.org/P2013,2,
http://www.wikidata.org/P749,2,
http://www.wikidata.org/P1207,2,
http://www.wikidata.org/P1695,2,
http://www.wikidata.org/P2013,2,
http://www.wikidata.org/P1822,2,
http://www.wikidata.org/P1822,2,
http://www.wikidata.org/P272,2,
http://www.wikidata.org/P462,2,
http://www.wikidata.org/P1267,2,
http://www.wikidata.org/P5099,2,
http://www.wikidata.org/P272,2,
http://www.wikidata.org/P462,2,
http://www.wikidata.org/P1267,2,
http://www.wikidata.org/P5099,2,
http://www.wikidata.org/P1366,2,
http://www.wikidata.org/P1366,2,
http://www.wikidata.org/P3448,2,
http://www.wikidata.org/P3448,2,
http://www.wikidata.org/P9104,2,
http://www.wikidata.org/P9104,2,
http://www.wikidata.org/P2052,2,
http://www.wikidata.org/P2052,2,
http://www.wikidata.org/P5556,2,
http://www.wikidata.org/P5556,2,
http://www.wikidata.org/P7037,2,
http://www.wikidata.org/P7037,2,
http://www.wikidata.org/P8910,2,
http://www.wikidata.org/P8910,2,
http://www.wikidata.org/P366,2,
http://www.wikidata.org/P8519,2,
http://www.wikidata.org-normalized/P8519,2,
http://www.wikidata.org/P366,2,
http://www.wikidata.org/P8519,2,
http://www.wikidata.org/P101,2,
http://www.wikidata.org/P101,2,
http://www.wikidata.org/P4643,2,
http://www.wikidata.org/P4643,2,
http://www.wikidata.org/P433,2,
http://www.wikidata.org/P478,2,
http://www.wikidata.org/P872,2,
http://www.wikidata.org/P433,2,
http://www.wikidata.org/P478,2,
http://www.wikidata.org/P872,2,
http://www.wikidata.org/P4535,2,
http://www.wikidata.org/P4535,2,
http://www.wikidata.org/P9923,2,
http://www.wikidata.org/P9923,2,
http://www.wikidata.org/P39,2,
http://www.wikidata.org/P39,2,
http://www.wikidata.org/P7949,2,
http://www.wikidata.org/P7949,2,
http://www.wikidata.org/P607,2,
http://www.wikidata.org/P3272,2,
http://www.wikidata.org/P6332,2,
http://www.wikidata.org/P3272,2,
http://www.wikidata.org/P6332,2,
http://www.wikidata.org/P2596,2,
http://www.wikidata.org/P2596,2,
http://www.wikidata.org/P9037,2,
http://www.wikidata.org/P607,2,
http://www.wikidata.org/P9037,2,
http://www.wikidata.org/P5004,2,
http://www.wikidata.org/P5004,2,
http://www.wikidata.org/P1953,2,
http://www.wikidata.org/P1953,2,
http://www.wikidata.org/P3451,2,
http://www.wikidata.org/P3451,2,
http://www.wikidata.org/P57,2,
http://www.wikidata.org/P57,2,
http://www.wikidata.org/P449,2,
http://www.wikidata.org/P449,2,
http://www.wikidata.org/P8210,2,
http://www.wikidata.org/P8210,2,
http://www.wikidata.org/P7868,2,
http://www.wikidata.org/P7868,2,
http://www.wikidata.org/P1838,2,
http://www.wikidata.org/P1838,2,
http://www.wikidata.org/P2635,2,
http://www.wikidata.org/P4647,2,
http://www.wikidata.org/P2635,2,
http://www.wikidata.org/P4647,2,
http://www.wikidata.org/P6629,2,
http://www.wikidata.org/P6629,2,
http://www.wikidata.org/P1407,2,
http://www.wikidata.org/P1814,2,
http://www.wikidata.org-normalized/P1407,2,
http://www.wikidata.org/P1407,2,
http://www.wikidata.org/P1814,2,
http://www.wikidata.org/P2012,2,
http://www.wikidata.org/P2012,2,
http://www.wikidata.org/P4258,2,
http://www.wikidata.org/P4258,2,
http://www.wikidata.org/P1968,2,
http://www.wikidata.org/P3134,2,
http://www.wikidata.org/P1968,2,
http://www.wikidata.org/P3134,2,
http://www.wikidata.org/P1428,2,
http://www.wikidata.org/P1428,2,
http://www.wikidata.org/P3123,2,
http://www.wikidata.org/P3235,2,
http://www.wikidata.org/P3285,2,
http://www.wikidata.org/P3328,2,
http://www.wikidata.org/P4215,2,
http://www.wikidata.org/P4644,2,
http://www.wikidata.org/P5019,2,
http://www.wikidata.org/P5064,2,
http://www.wikidata.org/P5337,2,
http://www.wikidata.org/P6293,2,
http://www.wikidata.org/P6385,2,
http://www.wikidata.org/P6870,2,
http://www.wikidata.org/P7818,2,
http://www.wikidata.org/P8309,2,
http://www.wikidata.org/P8539,2,
http://www.wikidata.org/P8885,2,
http://www.wikidata.org/P9100,2,
http://www.wikidata.org/P10717,2,
http://www.wikidata.org/P10757,2,
http://www.wikidata.org/P915,2,
http://www.wikidata.org/P486,2,
http://www.wikidata.org/P1036,2,
http://www.wikidata.org/P1245,2,
http://www.wikidata.org/P1296,2,
http://www.wikidata.org/P4215,2,
http://www.wikidata.org/P4644,2,
http://www.wikidata.org/P5019,2,
http://www.wikidata.org/P5064,2,
http://www.wikidata.org/P5337,2,
http://www.wikidata.org/P6293,2,
http://www.wikidata.org/P6385,2,
http://www.wikidata.org/P6870,2,
http://www.wikidata.org/P7818,2,
http://www.wikidata.org/P8309,2,
http://www.wikidata.org/P8539,2,
http://www.wikidata.org/P8885,2,
http://www.wikidata.org/P9100,2,
http://www.wikidata.org/P10717,2,
http://www.wikidata.org/P10757,2,
http://www.wikidata.org-normalized/P486,2,
http://www.wikidata.org-normalized/P3285,2,
http://www.wikidata.org-normalized/P3328,2,
http://www.wikidata.org/P486,2,
http://www.wikidata.org/P1036,2,
http://www.wikidata.org/P1245,2,
http://www.wikidata.org/P1296,2,
http://www.wikidata.org/P2004,2,
http://www.wikidata.org/P2184,2,
http://www.wikidata.org/P1482,2,
http://www.wikidata.org/P2004,2,
http://www.wikidata.org/P2184,2,
http://www.wikidata.org/P3123,2,
http://www.wikidata.org/P3235,2,
http://www.wikidata.org/P3285,2,
http://www.wikidata.org/P3328,2,
http://www.wikidata.org/P3219,2,
http://www.wikidata.org/P3219,2,
http://www.wikidata.org/P915,2,
http://www.wikidata.org/P551,2,
http://www.wikidata.org/P6327,2,
http://www.wikidata.org/P551,2,
http://www.wikidata.org/P6327,2,
http://www.wikidata.org/P92,2,
http://www.wikidata.org/P92,2,
http://www.wikidata.org/P282,2,
http://www.wikidata.org/P282,2,
http://www.wikidata.org/P7856,2,
http://www.wikidata.org/P7856,2,
http://www.wikidata.org/P996,2,
http://www.wikidata.org/P996,2,
http://www.wikidata.org/P172,2,
http://www.wikidata.org/P213,2,
http://www.wikidata.org/P172,2,
http://www.wikidata.org/P213,2,
http://www.wikidata.org/P9215,1,
http://www.wikidata.org/P9215,1,
http://www.wikidata.org/P4737,1,
http://www.wikidata.org/P4737,1,
http://www.wikidata.org/P4673,1,
http://www.wikidata.org/P4673,1,
http://www.wikidata.org/P1557,1,
http://www.wikidata.org/P1557,1,
http://www.wikidata.org/P1770,1,
http://www.wikidata.org/P1770,1,
http://www.wikidata.org/P5604,1,
http://www.wikidata.org/P5604,1,
http://www.wikidata.org/P6228,1,
http://www.wikidata.org/P6228,1,
http://www.wikidata.org/P708,1,
http://www.wikidata.org/P708,1,
http://www.wikidata.org/P1249,1,
http://www.wikidata.org/P1249,1,
http://www.wikidata.org/P4552,1,
http://www.wikidata.org/P4552,1,
http://www.wikidata.org/P2408,1,
http://www.wikidata.org/P2408,1,
http://www.wikidata.org/P1651,1,
http://www.wikidata.org/P1559,1,
http://www.wikidata.org/P1559,1,
http://www.wikidata.org/P1810,1,
http://www.wikidata.org/P1810,1,
http://www.wikidata.org/P1651,1,
http://www.wikidata.org/P1669,1,
http://www.wikidata.org/P1669,1,
http://www.wikidata.org/P2121,1,
http://www.wikidata.org/P2121,1,
http://www.wikidata.org/P1949,1,
http://www.wikidata.org/P1949,1,
http://www.wikidata.org/P3293,1,
http://www.wikidata.org/P3293,1,
http://www.wikidata.org/P4970,1,
http://www.wikidata.org/P4970,1,
http://www.wikidata.org/P5775,1,
http://www.wikidata.org/P5775,1,
http://www.wikidata.org/P3832,1,
http://www.wikidata.org-normalized/P3832,1,
http://www.wikidata.org/P9121,1,
http://www.wikidata.org/P9121,1,
http://www.wikidata.org/P3241,1,
http://www.wikidata.org/P3832,1,
http://www.wikidata.org/P4979,1,
http://www.wikidata.org/P5160,1,
http://www.wikidata.org/P7844,1,
http://www.wikidata.org/P8406,1,
http://www.wikidata.org/P10431,1,
http://www.wikidata.org/P10674,1,
http://www.wikidata.org/P3241,1,
http://www.wikidata.org/P4979,1,
http://www.wikidata.org/P5160,1,
http://www.wikidata.org/P7844,1,
http://www.wikidata.org/P8406,1,
http://www.wikidata.org/P10674,1,
http://www.wikidata.org/P6770,1,
http://www.wikidata.org/P6770,1,
http://www.wikidata.org/P4856,1,
http://www.wikidata.org/P4856,1,
http://www.wikidata.org/P4761,1,
http://www.wikidata.org/P4704,1,
http://www.wikidata.org/P4704,1,
http://www.wikidata.org/P9845,1,
http://www.wikidata.org/P9845,1,
http://www.wikidata.org/P4761,1,
http://www.wikidata.org/P189,1,
http://www.wikidata.org/P189,1,
http://www.wikidata.org/P3929,1,
http://www.wikidata.org/P3929,1,
http://www.wikidata.org/P3504,1,
http://www.wikidata.org/P3504,1,
http://www.wikidata.org/P3931,1,
http://www.wikidata.org/P3931,1,
http://www.wikidata.org/P709,1,
http://www.wikidata.org/P718,1,
http://www.wikidata.org/P709,1,
http://www.wikidata.org/P718,1,
http://www.wikidata.org/P4738,1,
http://www.wikidata.org/P4738,1,
http://www.wikidata.org/P3032,1,
http://www.wikidata.org/P3032,1,
http://www.wikidata.org/P575,1,
http://www.wikidata.org/P1056,1,
http://www.wikidata.org/P575,1,
http://www.wikidata.org/P1056,1,
http://www.wikidata.org/P1893,1,
http://www.wikidata.org/P1893,1,
http://www.wikidata.org/P1535,1,
http://www.wikidata.org/P1535,1,
http://www.wikidata.org/P281,1,
http://www.wikidata.org/P281,1,
http://www.wikidata.org/P3794,1,
http://www.wikidata.org/P3794,1,
http://www.wikidata.org/P4814,1,
http://www.wikidata.org/P4814,1,
http://www.wikidata.org/P9918,1,
http://www.wikidata.org/P9918,1,
http://www.wikidata.org/P6359,1,
http://www.wikidata.org/P6359,1,
http://www.wikidata.org/P8732,1,
http://www.wikidata.org/P8732,1,
http://www.wikidata.org/P5925,1,
http://www.wikidata.org/P5925,1,
http://www.wikidata.org/P8431,1,
http://www.wikidata.org/P8431,1,
http://www.wikidata.org/P193,1,
http://www.wikidata.org/P193,1,
http://www.wikidata.org/P4245,1,
http://www.wikidata.org/P4245,1,
http://www.wikidata.org/P20,1,
http://www.wikidata.org/P20,1,
http://www.wikidata.org/P4613,1,
http://www.wikidata.org/P4613,1,
http://www.wikidata.org/P949,1,
http://www.wikidata.org/P949,1,
http://www.wikidata.org/P1877,1,
http://www.wikidata.org/P178,1,
http://www.wikidata.org/P178,1,
http://www.wikidata.org/P1362,1,
http://www.wikidata.org/P7033,1,
http://www.wikidata.org-normalized/P7033,1,
http://www.wikidata.org/P1362,1,
http://www.wikidata.org/P7033,1,
http://www.wikidata.org/P454,1,
http://www.wikidata.org/P649,1,
http://www.wikidata.org/P454,1,
http://www.wikidata.org/P649,1,
http://www.wikidata.org/P358,1,
http://www.wikidata.org/P676,1,
http://www.wikidata.org/P839,1,
http://www.wikidata.org/P1994,1,
http://www.wikidata.org/P5229,1,
http://www.wikidata.org/P5358,1,
http://www.wikidata.org-normalized/P5229,1,
http://www.wikidata.org/P358,1,
http://www.wikidata.org/P676,1,
http://www.wikidata.org/P839,1,
http://www.wikidata.org/P7704,1,
http://www.wikidata.org-normalized/P7704,1,
http://www.wikidata.org/P7704,1,
http://www.wikidata.org/P629,1,
http://www.wikidata.org/P629,1,
http://www.wikidata.org/P1922,1,
http://www.wikidata.org/P1922,1,
http://www.wikidata.org/P2511,1,
http://www.wikidata.org/P2511,1,
http://www.wikidata.org/P1994,1,
http://www.wikidata.org/P5229,1,
http://www.wikidata.org/P5358,1,
http://www.wikidata.org/P1877,1,
http://www.wikidata.org/P4144,1,
http://www.wikidata.org/P4144,1,
http://www.wikidata.org/P4432,1,
http://www.wikidata.org/P4432,1,
http://www.wikidata.org/P4839,1,
http://www.wikidata.org/P4839,1,
http://www.wikidata.org/P6802,1,
http://www.wikidata.org/P6802,1,
http://www.wikidata.org/P6845,1,
http://www.wikidata.org/P6845,1,
http://www.wikidata.org/P1752,1,
http://www.wikidata.org/P1752,1,
http://www.wikidata.org/P1943,1,
http://www.wikidata.org/P1943,1,
http://www.wikidata.org/P648,1,
http://www.wikidata.org/P1025,1,
http://www.wikidata.org/P8091,1,
http://www.wikidata.org/P648,1,
http://www.wikidata.org/P1025,1,
http://www.wikidata.org/P8091,1,
http://www.wikidata.org-normalized/P648,1,
http://www.wikidata.org-normalized/P1025,1,
