id|english name
druzbene-vede|social sciences
antropologi|anthropologists
antropolog|anthropologist
kulturni-antropolog|cultural anthropologist
socialni-antropolog|social anthropologist
demografi|demographers
demograf|demographer
druzbeni-kulturni-in-politicni-delavci|social-cultural and political workers
citalnicar|reading room attendant
delavski-aktivist|workers' activist
delavski-voditelj|workers' leader
drustveni-delavec|social worker
druzbeni-delavec|societal worker
druzbenopoliticni-delavec|socio-political worker
izseljenski-delavec|emigrant worker
izseljenski-kulturni-delavec|emigrant cultural worker
javni-delavec|public worker
komunisticni-aktivist|communist activist
kulturni-delavec|cultural worker
kulturnik|cultural activist
kulturnopoliticni-delavec|cultural-political worker
lokalni-politik|local politician
manjsinski-delavec|minority worker
narodni-buditelj|national awakener
narodni-delavec|national worker
narodnoobrambni-delavec|national defense worker
narodnopoliticni-delavec|national-political worker
politicni-aktivist|political activist
politicni-delavec|political worker
politik|politician
sindikalist|syndicalist
sindikalni-aktivist|syndicalist activist
sindikalni-delavec|syndicalist worker
sindikalni-voditelj|syndicalist leader
ekonomisti-gospodarstveniki-in-storitveni-poklici|economists, businessmen, and service professions
bancniki-financniki|bankers-financiers
bancnik|banker
bancni-ravnatelj|bank director
bancni-usluzbenec|bank clerk
bancni-uradnik|bank officer
bankir|banker
devizni-inspektor|foreign exchange inspector
financni-inspektor|financial inspector
financni-komisar|financial commissioner
financni-nadpaznik|financial supervisor
financni-svetnik|financial advisor
financni-usluzbenec|financial clerk
financnik|financier
menjalec-denarja|money changer
ravnatelj-hranilnice|savings bank director
visji-financni-usluzbenec|senior financial clerk
dejavni-v-zadrugah|active in cooperatives
zadruznik|cooperative member
organizator-zadruznistva|cooperative organizer
zadruzni-strokovnjak|cooperative expert
delavci-v-turizmu-gostinstvu-in-trgovini|workers in tourism, hospitality, and trade
blagajnik|cashier
branjevec|collector
delavec-v-trgovini|shop worker
galanterist|haberdasher
gostilnicar|tavern owner
gostinec|innkeeper
gostinski-delavec|hospitality worker
gostinski-tehnik|hospitality technician
hotelir|hotelier
kavarnar|cafe owner
kramar|peddler
krcmar|barkeeper
krosnjar|peddler
mali-trgovec|small merchant
maneken|model
natakar|waiter
prodajalec|salesman
sejmar|market trader
sobar|room attendant
strokovnjak-za-turizem-in-gostinstvo|expert in tourism and hospitality
trgovec|merchant
trgovski-namescenec|trade representative
trgovski-pomocnik|sales assistant
trgovski-poslovodja|store manager
trgovski-potnik|traveling salesman
turisticni-delavec|tourism worker
vodja-gostilne|tavern manager
vodja-hotela|hotel manager
delavci-v-prometu|workers in transport
avtoprevoznik|truck driver
brodar|ship owner
cestni-mojster|road master
cestni-nadzornik|road inspector
disponent|dispatcher
furman|carter
inspektor-drzavnih-zeleznic|state railway inspector
kapitan|captain
kocijaz|coachman
letalski-instruktor|flight instructor
mornar|sailor
mornariski-kapitan|marine captain
navtik|navigator
pilot|pilot
pismonosa|mail carrier
poklicni-voznik|professional driver
pomorec|seafarer
pomorscak|sailor
postajenacelnik|station master
postar|postman
postni-kocijaz|postal coachman
postni-sprevodnik|postal conductor
postni-strokovnjak|postal expert
postni-usluzbenec|postal clerk
postni-uradnik|postal officer
postni-voznik|postal driver
prevoznik|carrier
pristaniski-delavec|dock worker
pristaniski-nastavljenec|dock official
pristaniski-usluzbenec|port clerk
prometni-uradnik|traffic officer
sofer|driver
strojevodja|train driver
taksist|taxi driver
testni-pilot|test pilot
tramvajski-sprevodnik|tram conductor
tramvajski-usluzbenec|tram worker
upravnik-poste|postmaster
usluzbenec-pri-zeleznici|railway employee
vlakovni-odpravnik|train dispatcher
vlakovni-revizor|train inspector
vlakovodja|train conductor
voznik|driver
vozovni-preglednik|wagon inspector
zeleznicar|railwayman
zelezniski-cuvaj|railway guard
zelezniski-delavec|railway worker
zelezniski-namescenec|railway appointee
zelezniski-postajenacelnik|railway station chief
zelezniski-sprevodnik|railway conductor
zelezniski-usluzbenec|railway employee
zelezniski-uradnik|railway official
ekonomi-upravniki-posestev|estate managers
ekonom|estate manager
grajski-oskrbnik|castle caretaker
narodni-gospodar|national economist
upravnik-posestev|estate administrator
namescenec-drzavnega-veleposestva|state estate appointee
ekonomisti|economists
ekonomist|economist
ekonomski-tehnik|economic technician
komercialist|commercialist
knjigotrski-strokovnjak|book industry expert
strokovnjak-za-marketing-in-inovacije|expert in marketing and innovations
visji-komercialist|senior commercialist
zalozniski-strokovnjak|publishing expert
gospodarstveniki|businessmen
direktor|director
gospodarstvenik|businessman
gospodarski-delavec|economic worker
gospodarski-strokovnjak|economic expert
gospodarski-teoretik|economic theoretician
kmetijski-gospodarstvenik|agricultural businessman
kulturni-menedzer|cultural manager
menedzer|manager
pomorski-gospodarstvenik|maritime businessman
prokurist|authorized officer
upravitelj|administrator
upravitelj-opekarne|brickyard manager
knjigovodje-racunovodje|bookkeepers-accountants
knjigovodja|bookkeeper
knjigovodski-strokovnjak|bookkeeping expert
racunovodja|accountant
vojaski-knjigovodja|military bookkeeper
podjetniki|entrepreneurs
fuzinar|steelworker
glasbeni-zaloznik|music publisher
gradbeni-podjetnik|construction entrepreneur
industrialec|industrialist
knjigarnar|bookseller
knjigotrzec|book trader
ladjar|shipowner
lastnik-bara|bar owner
lastnik-pekarne|bakery owner
lastnik-trgovine|shop owner
lesni-trgovec|timber merchant
manufakturist|manufacturer
pivovar|brewer
podjetnik|entrepreneur
poslovnez|businessman
slascicar|confectioner
tiskarnar|printer
tovarnar|factory owner
trafikant|tobacconist
trgovec-z-vinom|wine merchant
trgovec-z-zelezom|iron merchant
trgovec-z-zeleznino|railway merchant
veleindustrialec|major industrialist
velepodjetnik|major entrepreneur
veletrgovec|wholesale trader
vinski-trgovec|wine trader
vodja-trgovine|store manager
zasebnik|private entrepreneur
zaloznik|publisher
poklici-za-osebne-storitve|personal service professions
brivski-mojster|master barber
brivec|barber
frizer|hairdresser
posestniki|landowners
bajtar|smallholder
cetrtzemljak|quarter land owner
grascak|nobleman
kajzar|kaiser/emperor
kocar|coachman
mali-posestnik|small landowner
posestnik|landowner
veleposestnik|major landowner
zemljiski-posestnik|land landowner
zavarovalnicarji|insurance agents
strokovnjak-za-pozavarovanja|reinsurance expert
zavarovalniski-strokovnjak|insurance expert
zavarovalni-zastopnik|insurance representative
novinarji-medijski-poklici|journalists-media professions
dopisnik|correspondent
medijski-funkcionar|media official
moderator|moderator
novinar|journalist
oglasevalec|advertiser
radijski-napovedovalec|radio announcer
radijski-novinar|radio journalist
radijski-voditelj|radio host
sportni-novinar|sports journalist
televizijski-napovedovalec|television announcer
televizijski-voditelj|television host
vojni-dopisnik|war correspondent
obramboslovci|defense experts
obramboslovec|defense expert
politologi|political scientists
politolog|political scientist
strokovnjak-za-mednarodne-odnose|expert in international relations
pravniki|lawyers
beleznik|notary
cerkveni-pravnik|ecclesiastical lawyer
financni-pravnik|financial lawyer
generalni-drzavni-tozilec|attorney general
kriminolog|criminologist
mestni-sodnik|city judge
nacelnik-katastra|head of cadastre
notar|notary
odvetnik|lawyer
odvetniski-koncipient|lawyer's trainee
patrimonialni-sodnik|patrimonial judge
pravnik|lawyer
pravni-pisec|legal writer
pravni-zgodovinar|legal historian
ravnatelj-zemljiske-knjige|director of the land registry
sodni-adjunkt|judicial adjunct
sodni-cenilec|judicial appraiser
sodni-svetnik|judicial counselor
sodnik|judge
strokovnjak-za-mednarodno-pravo|expert in international law
tozilec|prosecutor
upravni-jurist|administrative jurist
ustavni-sodnik|constitutional judge
visji-sodnik|senior judge
vodja-zemljiske-knjige|head of the land registry
vrhovni-drzavni-tozilec|chief state prosecutor
vrhovni-sodnik|supreme court judge
psihologi|psychologists
psihoanalitik|psychoanalyst
psiholog|psychologist
psihoterapevt|psychotherapist
specialist-klinicne-psihologije|clinical psychology specialist
regionalni-planerji|regional planners
regionalni-planer|regional planner
socialni-delavci|social workers
socialni-delavec|social worker
sociologi-komunikologi|sociologists and communication scientists
komunikolog|communication scientist
sociolog|sociologist
vzgojitelji-solniki-pedagogi|educators, teachers, and pedagogues
andragog|andragogue (adult educator)
baletni-pedagog|ballet pedagogue
defektolog|special needs educator
didaktik|didactician
filmski-pedagog|film pedagogue
gimnazijski-profesor|high school teacher
glasbeni-pedagog|music pedagogue
glasbeni-ucitelj|music teacher
glasbeni-vzgojitelj|music educator
gledaliski-pedagog|theater pedagogue
klavirski-pedagog|piano pedagogue
kulturnoprosvetni-delavec|cultural and educational worker
likovni-pedagog|art pedagogue
logoped|speech therapist
mentor-rocnih-spretnosti|manual skills mentor
naducitelj|head teacher
okrajni-solski-nadzornik|district school supervisor
osnovnosolski-ucitelj|elementary school teacher
partizanski-ucitelj|partisan teacher (historical context may be needed)
pedagog|pedagogue
pedagoski-delavec|educational worker
pevski-pedagog|singing pedagogue
plesni-pedagog|dance pedagogue
predavatelj|lecturer
predavatelj-za-sommeliere|sommelier instructor
predmetni-ucitelj|subject teacher
profesor|professor
profesor-bogoslovja|theology professor
profesor-filozofije|philosophy professor
profesor-fizike|physics professor
profesor-francoscine|french professor
profesor-geografije|geography professor
profesor-italijanscine|italian language professor
profesor-matematike|mathematics professor
profesor-na-liceju|lyc√©e professor (high school professor)
profesor-nemscine|german language professor
profesor-opernih-studij|opera studies professor
profesor-prirodopisa|natural science professor
profesor-pravnih-in-ekonomskih-ved|professor of law and economics
profesor-slovenscine|slovenian language professor
profesor-sociologije|sociology professor
profesor-solo-petja|solo singing professor
profesor-statistike|statistics professor
profesor-telesne-vzgoje|physical education professor
profesor-teologije|theology professor
profesor-zgodovine|history professor
prosvetni-delavec|educational worker
prosvetni-organizator|educational organizer
prosvetni-referent|educational assistant/official
protestantski-solnik|protestant teacher
ravnatelj|principal/director
ravnatelj-gluhonemnice|principal of a school for the deaf
srednjesolski-profesor|secondary school teacher
srednjesolski-ravnatelj|secondary school principal
srednjesolski-ucitelj|secondary school teacher
strokovnjak-za-zenska-rocna-dela|expert in women's handicrafts
solnik|teacher
solski-inspektor|school inspector
solski-nadzornik|school supervisor
solski-organizator|school organizer
specialni-pedagog|special education teacher
sportni-pedagog|sports pedagogue
strokovni-ucitelj|professional teacher/technical teacher
surdopedagog|teacher for the deaf
telesnokulturni-pedagog|physical culture pedagogue
tiflopedagog|teacher for the blind
ucitelj|teacher
ucitelj-cipkarstva|lace-making teacher
ucitelj-za-kuho|cooking teacher
ucitelj-podkovstva|horseshoeing teacher
ucitelj-prakticnega-pouka|practical lesson teacher
ucitelj-retorike|rhetoric teacher
ucitelj-risanja|drawing teacher
ucitelj-rocnih-del|handicraft teacher
ucitelj-sanskrta|sanskrit teacher
ucitelj-sportne-vzgoje|sports education teacher
ucitelj-telesne-vzgoje|physical education teacher
ucitelj-telovadbe|gymnastics teacher
univerzitetni-profesor|university professor
upravitelj-sole|school manager
vaditelj-telesne-vzgoje|physical education instructor
violinski-pedagog|violin pedagogue
visokosolski-ucitelj|higher education teacher
vzgojitelj|educator
drzavna-in-lokalna-uprava|state and local administration
drzavniki-ter-drzavni-in-lokalni-funkcionarji|statesmen and state and local officials
cesarsko-kraljevi-namestnik|imperial-royal deputy
dezelni-glavar|provincial governor
dezelni-odbornik|provincial expert/advisor
dezelni-poslanec|provincial deputy/representative
dezelni-predsednik|provincial president
dezelni-svetovalec|provincial counselor
drzavni-funkcionar|state official
drzavnik|statesman
dvorni-svetnik|court counselor
kraljevi-namestnik|royal deputy
mestni-svetnik|city counselor
obcinski-odbornik|municipal councilor
obcinski-svetovalec|municipal advisor
okrajni-nacelnik|district chief
podzupan|deputy mayor
poslanec|deputy/representative
vicedomski-asesor|vicedomal assessor
vladar|ruler
zupan|mayor
javna-in-drzavna-varnost|public and state security
cesarsko-kraljevi-policijski-komisar|imperial-royal police commissioner
kriminalist|criminal investigator
mestni-strazar|city guard
nacelnik-orozniske-postaje|chief of a police station
obvescevalec|informant
oroznik|policeman
orozniski-narednik|police sergeant
paznik|guard
paznik-v-kaznilnici|prison guard
policist|policeman
policijski-general|police general
policijski-komisar|police commissioner
policijski-nadzornik|police supervisor
policijski-podinspektor|police sub-inspector
policijski-straznik|police guard
strazmojster|guard master
strazar|guard
straznik|watchman/guard
visji-policijski-komisar|senior police commissioner
visoki-policijski-komisar|high police commissioner
drzavni-uradniki-usluzbenci|state officials and civil servants
administrator|administrator
carinski-strokovnjak|customs expert
carinski-uradnik|customs official
carinski-usluzbenec|customs employee
cenzor|censor
cenzurni-knjizni-revizor|censorship book auditor
dacar|tax collector
davcni-inspektor|tax inspector
davcni-uradnik|tax official
diplomat|diplomat
drzavni-uradnik|state official
financni-straznik|financial guard
financni-uradnik|financial official
kancelist|clerk
komunalni-politik|municipal politician
konzul|consul
mitnicar|customs officer
obcinski-sluga|municipal servant
obcinski-tajnik|municipal secretary
obcinski-uradnik|municipal official
obcinski-usluzbenec|municipal employee
orozniski-uradnik|police official
pisar|writer/clerk
poddavkar-mitnicnega-urada|deputy tax collector of the customs office
policijski-sluga|police servant
policijski-uradnik|police official
politicni-uradnik|political official
prefekt|prefect
racunski-uradnik|accountant official
revizor|auditor
rudniski-usluzbenec|mining employee
sodni-kancelist|judicial clerk
sodni-uradnik|judicial official
sodni-poduradnik|subordinate judicial official
sodni-sluga|judicial servant
sodnijski-uradnik|court official
stenograf|stenographer
tajnik|secretary
upravni-referent|administrative assistant
upravni-uradnik|administrative official
upravni-usluzbenec|administrative clerk
upravnopoliticni-uradnik|administrative-political official
uradnik|official/clerk
usluzbenec|serviceman
visoki-cesarski-upravni-uradnik|high imperial administrative official
visoki-uradnik|high official
visji-kaznilniski-paznik|senior prison guard
visji-sodni-uradnik|senior judicial official
visji-upravni-referent|senior administrative assistant
vodja-protokola|protocol manager
duhovni-poklici|spiritual professions
duhovniki-teologi|priest-theologians
apostolski-administrator|apostolic administrator
arhidiakon|archdeacon
beneficiat|beneficiary (church title)
biblicist|biblicist
cerkveni-organizator|church organizer
dekan|dean
duhovnik|priest
duhovni-voditelj|spiritual leader
ekumenski-delavec|ecumenical worker
ekumenski-teolog|ecumenical theologian
pravoslavni-duhovnik|orthodox priest
evangelicanski-duhovnik|evangelical priest
evangelicanski-skof|evangelical bishop
generalni-vikar|vicar general
generalni-vizitator|general visitor (church title)
gubernijski-svetnik|gubernatorial counselor
imam|imam
kancler|chancellor (church title)
kanonik|canon
katehet|catechist
katehetski-strokovnjak|catechetical expert
konzistorialni-svetnik|consistorial counselor
kurat|curate
liturgik|liturgist
mariolog|mariologist
moralist|moralist
moralni-teolog|moral theologian
mufti|mufti
nadskofijski-kancler|archdiocesan chancellor
pastoralni-delavec|pastoral worker
patriarh|patriarch
prefekt-skofijske-pisarne|diocesan office prefect
prost|layman
protestantski-duhovnik|protestant priest
protestantski-teolog|protestant theologian
rabin|rabbi
religiolog|religionologist/religious studies scholar
stolni-dekan|cathedral dean
stolni-kanonik|cathedral canon
stolni-prokurator|cathedral proctor
stolni-prost|cathedral layman
superintendent|superintendent
svetni-duhovnik|secular priest
skof|bishop
skofijski-kancler|diocesan chancellor
skofijski-upravitelj|diocesan administrator
teolog|theologian
verski-delavec|religious worker
verski-organizator|religious organizer
vikar|vicar
vojaski-vikar|military vicar
zaporniski-vikar|prison vicar
misijonarji|missionaries
laicni-misijonar|lay missionary
ljudski-misijonar|people's missionary
misijonar|missionary
nabozni-pisci|religious writers
apologeticni-pisec|apologetic writer
asketicni-pisec|ascetic writer
bogoslovni-pisatelj|theological writer
bogoslovni-pisec|theological scribe
cerkveni-pisatelj|church writer
evangelicanski-pisec|evangelical writer
katehetski-pisec|catechetical writer
liturgicni-pisec|liturgical writer
nabozni-pesnik|religious poet
nabozni-pisatelj|religious writer
nabozni-pisec|religious scribe
protestantski-pesnik|protestant poet
protestantski-pisec|protestant writer
teoloski-pisec|theological writer
pridigarji|preachers
cerkveni-govornik|church speaker
homilet|homilist
pridigar|preacher
protestantski-pridigar|protestant preacher
vojni-pridigar|military preacher
redovniki|monks/religious orders
arhimandrit|archimandrite
avgustinec|augustinian
avgustinec-diskalceat|augustinian discalced
avgustinec-eremit|augustinian hermit
avgustinec-kanonik|augustinian canon
barnabit|barnabite
bazilijanec|basilian
benediktinec|benedictine
cistercijan|cistercian
dominikanec|dominican
eremit|hermit
franciskan|franciscan
jezuit|jesuit
kanosijan|canons regular
kapucin|capuchin
karmelican|carmelite
kartuzijan|carthusian
klaretinec|claretian
klarisa|poor clare
kriznik|crusader
lazarist|lazarist/vincentian
marist|marist
mati-prednica|mother superior
minorit|minorite
opat|abbot
pavlinec|pauline monk
piarist|piarist
prednik|ancestor/forefather
prior|prior
redovni-predstojnik|religious superior
redovnik|monk/religious brother
redovnik-sv-pavla-puscavnika|monk of saint paul the hermit
salezijanec|salesian
servit|servite
stigmatinec|stigmatine
solska-sestra|school sister
teatinec|theatine
trapist|trappist
ursulinka|ursuline
usmiljeni-brat|brother of mercy
usmiljenka|sister of mercy
vrhovna-prednica|supreme superior/mother superior
humanisticne-vede|humanities
arheologi|archaeologists
arheolog|archaeologist
amaterski-arheolog|amateur archaeologist
industrijski-arheolog|industrial archaeologist
astrologi|astrologers
astrolog|astrologer
biografi-genealogi|biographers-genealogists
biograf|biographer
genealog|genealogist
domoznanski-pisci-in-raziskovalci|local history writers and researchers
domoznanec|local historian
domoznanski-pisec|local history writer
etnologi-in-zbiralci-etnoloskega-gradiva|ethnologists and collectors of ethnographic material
etnograf|ethnographer
etnolog|ethnologist
folklorist|folklorist
narodopisec|ethnographer/folklorist
zbiralec-etnoloskega-gradiva|collector of ethnographic material
zbiralec-folklornega-gradiva|collector of folklore material
zbiralec-ljudskega-besedisca|collector of folk vernacular
zbiralec-ljudskega-izrocila|collector of folk traditions
zbiralec-ljudskega-slovstva|collector of folk literature
zbiralec-ljudske-ornamentike|collector of folk ornaments
zbiralec-ljudskih-pesmi|collector of folk songs
zbiralec-narodnega-blaga|collector of folk treasures
zbiralec-pregovorov|collector of proverbs
etnomuzikologi|ethnomusicologists
etnomuzikolog|ethnomusicologist
melograf|melographer
filologi|philologists
anglist|anglist/english scholar
bohemist|bohemist/czech scholar
filolog|philologist
francist|french scholar
germanist|germanist/german scholar
hispanist|hispanist/spanish scholar
hungarist|hungarologist/hungarian scholar
indoevropeist|indo-europeanist
indolog|indologist
japonolog|japanologist
klasicni-filolog|classical philologist
latinist|latinist
nemcist|german scholar
orientalist|orientalist
polonist|polonist/polish scholar
romanist|romanist/romance languages scholar
rusist|russist/russian scholar
slavist|slavist
slovenist|slovenist
srbokroatist|serbo-croatian scholar
filozofi|philosophers
alkimist|alchemist
filozof|philosopher
hermenevtik|hermeneuticist
logik|logician
socialni-filozof|social philosopher
geografi-popotniki|geographers-travelers
antropogeograf|anthropogeographer
druzbeni-geograf|social geographer
geograf|geographer
geografski-odkritelj|geographical discoverer
glaciolog|glaciologist
hidrogeograf|hydrogeographer
krasoslovec|speleologist/karstologist
matematicni-geograf|mathematical geographer
popotnik|traveler
potopisec|travel writer
svetovni-popotnik|world traveler
topograf|topographer
govorniki|speakers
govornik|speaker
humanisti|humanists
humanist|humanist
teozof|theosophist
jezikoslovci|linguists
dialektolog|dialectologist
esperantist|esperantist
etimolog|etymologist
imenoslovec|onomast
jezikoslovec|linguist
leksikograf|lexicographer
leksikolog|lexicologist
lektor|proofreader
lektor-anglescine|english language proofreader
lektor-nemscine|german language proofreader
metelcicar|proofreader
poliglot|polyglot
pravopisec|orthographer
slovnicar|grammarian
terminograf|terminographer
terminolog|terminologist
kulturologi|culturologists
kulturolog|culturologist
literarni-kritiki-teoretiki-in-zgodovinarji|literary critics, theorists, and historians
indoevropski-komparativist|indo-european comparatist
komparativist|comparatist
literarni-komparativist|literary comparatist
literarni-kritik|literary critic
literarni-teoretik|literary theorist
literarni-zgodovinar|literary historian
numizmatiki|numismatists
numizmatik|numismatist
prevajalci|translators
prepesnjevalec|versifier
prevajalec|translator
tolmac|interpreter
umetnostni-zgodovinarji|art historians
umetnostni-topograf|art topographer
umetnostni-zgodovinar|art historian
zgodovinarji|historians
bizantolog|byzantinist
cerkveni-zgodovinar|ecclesiastical historian
cerkvenopravni-zgodovinar|church legal historian
egiptolog|egyptologist
epigrafik|epigraphist
etruskolog|etruscologist
filatelist|philatelist
glasbeni-zgodovinar|music historian
gospodarski-zgodovinar|economic historian
izseljenski-zgodovinar|emigration historian
kmetijski-zgodovinar|agricultural historian
krajevni-zgodovinar|local historian
krajevni-zgodovinopisec|local history writer
kronist|chronicler
kulturni-zgodovinar|cultural historian
medievist|medievalist
politicni-zgodovinar|political historian
raziskovalec-izseljenstva|emigration researcher
venetolog|venetologist (scholar of venetian studies)
vojaski-zgodovinopisec|military historian
zgodovinar|historian
zgodovinar-medicine|medical historian
zgodovinar-telesne-kulture|historian of physical culture
zgodovinopisec|chronicler
kmetijstvo-in-sorodna-podrocja|agriculture and related areas
agronomi-kmetovalci|agronomists-farmers
agrarni-ekonomist|agricultural economist
agrarni-inzenir|agricultural engineer
agrarni-tehnolog|agricultural technologist
agronom|agronomist
cvetlicar|florist
drevesnicar|tree nursery worker
genetik|geneticist
hmeljar|hop grower
kmet|farmer
kmetijski-izvedenec|agricultural expert
kmetijski-pospesevalec|agricultural promoter
kmetijski-strokovnjak|agricultural specialist
kmetijski-tehnik|agricultural technician
kmetovalec|farmer
konjar|horse breeder
konjerejec|horse breeder
kontrolor-mleka|milk controller
mali-kmet|small farmer
mandrijar|herdsman
meliorator|land improver/drainage specialist
mlekar|dairyman
mlekarski-strokovnjak|dairy expert
perutninar|poultry farmer
poljedelec|crop farmer
poljedelski-strokovnjak|crop farming expert
rejec-sviloprejke|silkworm breeder
sirar|cheesemaker
strokovnjak-za-konjerejo|horse breeding expert
strokovnjak-za-predelavo-jagodicja|berry processing expert
strokovnjak-za-semenarstvo|seed industry expert
zootehnik|zootechnician
cebelarji|beekeepers
cebelar|beekeeper
cebelarski-strokovnjak|beekeeping expert
gozdarji|foresters
gozdar|forester
gozdarski-inzenir|forestry engineer
gozdarski-strokovnjak|forestry expert
gozdarski-tehnik|forestry technician
gozdarski-uradnik|forestry official
gozdni-delavec|forest worker
logar|lumberjack
lovci-ribici|hunters-fishermen
lovec|hunter
lovski-organizator|hunting organizer
lovski-cuvaj|gamekeeper
ribic|fisherman
sadjarji-vrtnarji|fruit growers-gardeners
hortikulturnik|horticulturist
pomolog|pomologist
sadjar|fruit grower
vrtnar|gardener
vinogradniki-vinarji|vine growers-winemakers
enolog|enologist/oenologist
kletar|cellar master
vinar|winemaker
vinogradnik|vine grower
vinogradniski-strokovnjak|viticulture expert
muzeji-knjiznice-arhivi-ipd|museums-libraries-archives and similar
arhivisti-konservatorji|archivists-conservators
arhivar|archivist
arhivist|archivist
konservator|conservator
bibliotekarji-knjiznicarji-bibliografi|librarians-librarians-bibliographers
bibliograf|bibliographer
bibliotekar|librarian
knjiznicar|librarian
skriptor|scribe
visji-knjiznicar|senior librarian
muzejski-delavci|museum workers
galerist|gallery owner
kustos|curator
muzealec|museologist
muzejski-delavec|museum worker
muzejski-preparator|museum preparator
muzejski-zbiralec|museum collector
muzeolog|museologist
organizatorji|organizers
dijaski-organizator|student organizer
drustveni-organizator|social organizer
filmski-organizator|film organizer
glasbeni-organizator|music organizer
gledaliski-organizator|theater organizer
gledaliski-upravnik|theater manager
gospodarski-organizator|economic organizer
izseljenski-kulturni-organizator|emigrant cultural organizer
izseljenski-organizator|emigrant organizer
kolesarski-organizator|cycling organizer
kulturni-organizator|cultural organizer
organizator|organizer
organizator-alpinizma|alpinism organizer
organizator-dela|work organizer
organizator-delavstva|labor organizer
organizator-gasilstva|firefighting organizer
organizator-glasbenega-solstva|music education organizer
organizator-krscansko-socialnega-delavstva|christian-social work organizer
organizator-narodnoosvobodilnega-gibanja|national liberation movement organizer
organizator-obrtnistva|crafts organizer
organizator-planinstva|mountaineering organizer
organizator-pohodnistva|hiking organizer
organizator-protestantizma|protestantism organizer
organizator-ribistva|fishing organizer
organizator-skavtstva|scouting organizer
organizator-sokolstva|sokol movement organizer
organizator-solstva|education organizer
organizator-studentskega-gibanja|student movement organizer
organizator-zdravstva|health organizer
socialni-organizator|social organizer
sportni-organizator|sports organizer
pisci|writers
astronomski-pisec|astronomical writer
cerkvenoglasbeni-pisec|church music writer
casnikar|journalist
casnikar-komentator|journalist-commentator
druzbeni-kritik|social critic
filozofski-kritik|philosophical critic
filozofski-pisatelj|philosophical writer
filmski-kritik|film critic
filmski-publicist|film publicist
glasbeni-kritik|music critic
glasbeni-pisec|music writer
gledaliski-kritik|theater critic
gledaliski-pisec|theater writer
gledaliski-publicist|theater publicist
gospodarski-pisec|economic writer
gospodinjski-pisatelj|household writer
izseljenski-publicist|emigrant publicist
kmetijski-pisec|agricultural writer
korespondent|correspondent
kritik|critic
kulturni-publicist|cultural publicist
kulturnozgodovinski-pisec|cultural history writer
likovni-kritik|art critic
literarni-publicist|literary publicist
lovski-pisec|hunting writer
modni-publicist|fashion publicist
medicinski-pisec|medical writer
narodnoobrambni-pisec|national defense writer
pedagoski-pisatelj|pedagogical writer
pedagoski-pisec|pedagogical writer
pedagoski-publicist|pedagogical publicist
pisec|writer
pisec-pedagoskih-del|writer of pedagogical works
pisec-sahovskih-knjig|chess book writer
pisec-solskih-knjig|school book writer
pisec-ucbenikov|textbook writer
planinski-pisec|mountaineering writer
politicni-pisec|political writer
poljudnoznanstveni-pisec|popular science writer
pratikar|handyman
publicist|publicist
sahovski-komentator|chess commentator
socialni-pisec|social writer
sportni-pisec|sports writer
strokovni-pisec|technical/professional writer
strokovni-publicist|technical/professional publicist
tehnicni-pisec|technical writer
turisticni-pisec|travel writer
umetnostni-kritik|art critic
umetnostni-pisec|art writer
vojaski-pisec|military writer
zdravstveni-pisec|health writer
uredniki|editors
radijski-urednik|radio editor
glasbeni-urednik|music editor
urednik|editor
zbiralci|collectors
zbiralec|collector
zbiralec-knjig|book collector
zbiralec-kulturnozgodovinskega-gradiva|collector of cultural-historical materials
zbiralec-rimskih-napisov|collector of roman inscriptions
zbiralec-starin-in-umetnin|collector of antiques and artworks
zbiralec-umetnin|art collector
znanstveni-raziskovalci|scientific researchers
polihistor|polymath
enciklopedist|encyclopedist
naravoslovne-in-matematicne-vede|natural and mathematical sciences
astronomi|astronomers
astronom|astronomer
biokemiki|biochemists
biokemik|biochemist
toksikolog|toxicologist
biologi|biologists
akvarist|aquarist
biolog|biologist
biotehnolog|biotechnologist
botanik|botanist
dendrolog|dendrologist
entomolog|entomologist
fitocenolog|phytocenologist
fitofiziolog|phytophysiologist
fitopatolog|phytopathologist
hipolog|hipologist (study of horses)
ihtiolog|ichthyologist (study of fish)
koleopterolog|coleopterologist (study of beetles)
konholog|conchologist (study of mollusk shells)
lepidopterolog|lepidopterologist (study of butterflies and moths)
lihenolog|lichenologist
malakolog|malacologist (study of mollusks)
mikolog|mycologist (study of fungi)
mikrobiolog|microbiologist
mikrolog|micrologist
molekularni-biolog|molecular biologist
ornitolog|ornithologist (study of birds)
speleobiolog|cave biologist
strokovnjak-za-divje-zivali|wildlife expert
vivarist|vivarist (one who keeps live animals, especially in terrariums or aquariums)
zoofiziolog|zoophysiologist
zoolog|zoologist
ekologi|ecologists
ekolog|ecologist
krajinski-ekolog|landscape ecologist
morski-ekolog|marine ecologist
strokovnjak-za-varstvo-naravne-dediscine|expert on the protection of natural heritage
strokovnjak-za-varstvo-okolja|environmental protection expert
fiziki|physicists
akustik|acoustician
astrofizik|astrophysicist
atomski-fizik|atomic physicist
biofizik|biophysicist
biokibernetik|biocyberneticist
geofizik|geophysicist
fizik|physicist
inzenir-mehanike|mechanical engineer
jedrski-fizik|nuclear physicist
kemijski-fizik|chemical physicist
radiofizik|radiophysicist
seizmolog|seismologist
strokovnjaki-s-podrocja-znanosti-o-materialih|experts in materials science
strokovnjak-s-podrocja-znanosti-o-materialih|expert in materials science
strokovnjak-za-hidromehaniko|expert in hydromechanics
strokovnjak-za-jedrske-reaktorje|expert on nuclear reactors
strokovnjak-za-mehaniko|expert in mechanics
strokovnjak-za-termodinamiko|thermodynamics expert
geologi|geologists
ekonomski-geolog|economic geologist
geolog|geologist
geomorfolog|geomorphologist
mineralog|mineralogist
petrolog|petrologist
stratigraf|stratigrapher
tehnik-geolog|geological technician
hidrologi|hydrologists
hidrolog|hydrologist
hidrogeolog|hydrogeologist
lavinolog|avalanche expert
kemiki-kemijski-tehnologi|chemists and chemical technologists
agrokemik|agrochemist
kemijski-tehnolog|chemical technologist
kemijski-inzenir|chemical engineer
kemik|chemist
laborant|lab technician
klimatologi|climatologists
klimatolog|climatologist
krajinski-arhitekti|landscape architects
krajinski-arhitekt|landscape architect
matematiki-statistiki|mathematicians and statisticians
matematik|mathematician
statistik|statistician
meteorologi|meteorologists
meteorolog|meteorologist
vremenoslovec|weatherman
naravoslovci|naturalists
naravoslovec|naturalist
oceanografi|oceanographers
oceanograf|oceanographer
paleontologi|paleontologists
paleontolog|paleontologist
mikropaleontolog|micropaleontologist
paleobiologi|paleobiologists
paleobiolog|paleobiologist
paleobotanik|paleobotanist
palinolog|palynologist
arheobotanik|archaeobotanist
pedologi|soil scientists
pedolog|soil scientist
speleologi-jamarji|speleologists and cavers
jamar|caver
speleolog|speleologist
zivilski-tehniki-in-tehnologi|civil engineers and technologists
zivilski-tehnik|civil engineer
zivilski-tehnolog|civil technologist
obrtniki-in-rokodelci|craftsmen and artisans
drugi-obrtniki|other craftsmen
dimnikarski-mojster|chimney sweep master
metlarski-mojster|broom-making master
klejar|gluer
monter-centralnih-kurjav|central heating installer
obrtnik|craftsman/artisan
orodjar|toolmaker
sedlar|saddler
torbar|bag maker
vodoinstalater|plumber
vodovodni-instalater|plumbing installer
izdelovalci-glasbil|musical instrument makers
glasbilar|instrument maker
goslar|brass instrument maker
izdelovalec-godalnih-instrumentov|string instrument maker
izdelovalec-glasbil|musical instrument maker
izdelovalec-harmonijev-in-orgel|accordion and organ maker
izdelovalec-klavirjev|piano maker
izdelovalec-orgel|organ maker
izdelovalec-violin|violin maker
izdelovalci-sportnih-pripomockov-in-opreme|sports equipment and gear makers
izdelovalec-colnov|boat maker
mehaniki-in-finomehaniki|mechanics and precision mechanics
finomehanik|precision mechanic
mehanik|mechanic
urar|watchmaker
obdelovalci-kamna|stone processors
kamnosek|stonemason
kamnar|stone worker
klesar|sculptor
obdelovalci-kovin|metalworkers
brusilec|grinder
brusar|grinding worker
delavec-v-zelezarni|steel mill worker
delavec-v-zelezolivarni|iron foundry worker
graver|engraver
izdelovalec-oklepov|armor maker
kleparski-mojster|master tinsmith
kljucavnicar|locksmith
kljucavnicarski-mojster|master locksmith
kositrar|tinner
kovac|blacksmith
kovinar|metalworker
kovinostrugar|metal turner
livar|foundry worker/caster
livar-zvonov-in-topov|bell and cannon caster
medaljer|medal maker
nozar|knife maker
orozar|gunsmith
pasar|belt maker
pozlatar|gilder
puskar|gunsmith
srebrar|silversmith
zlatar|goldsmith
zvonar|bell maker
zelezarski-mojster|master ironworker
zelezostrugar|iron turner
obdelovalci-lesa|woodworkers
intarzist|intarsia artist (wood inlay)
izdelovalec-cerkvene-opreme|church equipment maker
izdelovalec-konjskih-komatov|horse gear maker
izdelovalec-protez|prosthesis maker
kolar|wheelwright
lesni-obrtnik|wood craftsman
mizar|carpenter
podobar|shoetree maker
rezbar|woodcarver
rudniski-tesarski-mojster|mine carpentry master
sodar|cooper (barrel maker)
skafar|bowl maker
tesar|roofer/woodworker
tovarniski-mizar|factory carpenter
umetni-mizar|artistic carpenter
zagar|sawyer
obdelovalci-materiala-zivalskega-izvora|animal material processors
cevljar|shoemaker
cevljarski-mojster|master shoemaker
glavnikar|comb maker
kozar|leatherworker
krznar|furrier
opankar|maker of traditional sandals/slippers
usnjar|tanner
izdelovalci-keramicnih-izdelkov|ceramic product makers
loncar|potter
oglarji|charcoal makers
oglar|charcoal maker
pleskarji-licarji|painters and coaters
avtolicar|car painter
barvar|painter
pleskarski-mojster|master painter
slikopleskar|decorative painter
predelovalci-zivil|food processors
kuhar|cook/chef
kuharski-mojster|master chef
lectar|gingerbread maker
medicar|honey product maker
mlinar|miller
mesar|butcher
pek|baker
pekovski-mojster|master baker
steklarji|glassmakers
steklar|glassmaker
svecarji|candle makers
svecar|candle maker
tapetniki|wallpaper hangers
tapetnik|wallpaper hanger
tekstilci|textile workers
krojac|tailor
krojaski-mojster|master tailor
modistka|milliner (hat maker)
nogavicar|sock maker
rokavicar|glove maker
svilarnar|silk worker
sivilja|seamstress
suknar|cloth maker
tekstilni-delavec|textile worker
tekstilni-inzenir|textile engineer
tekstilni-mojster|master textile worker
tekstilni-strokovnjak|textile expert
tekstilni-tehnik|textile technician
tekstilni-tehnolog|textile technologist
tkalec|weaver
vezilec|embroiderer
vrvar|rope maker
tiskarji-knjigovezi|printers and bookbinders
knjigovez|bookbinder
strojni-stavec|typesetter
tipograf|typographer
tiskar|printer
tiskarski-mojster|master printer
tiskarski-strokovnjak|printing expert
zidarji-stukaterji-in-sorodni-poklici|bricklayers, plasterers and related occupations
gradbeni-delavec|construction worker
pecar|furnace worker
stukater|plasterer
zidar|bricklayer
zidarski-mojster|master bricklayer
zidarski-pomocnik|bricklayer's assistant
preprosta-dela|simple tasks/jobs
biljeter|ticket collector
cerkovnik|church officer
cestar|road worker
cistilec|cleaner
cuvaj|guard
cuvar|keeper
delavec|worker/laborer
delavec-v-ladjedelnici|shipyard worker
delavec-v-tovarni-pijac|beverage factory worker
dninar|day laborer
gospodinjec|housekeeper
grobar|gravedigger
gumarski-delavec|rubber worker
hisni-pomocnik|domestic helper
hisnik|janitor
jamski-paznik|cave guard
kotlar|boilermaker
kurjac|wolf (not a profession, possibly a slang or term used for certain roles)
likar|fitter (in some contexts, might be associated with molding or casting)
monter|installer/assembler
nosac|porter
postreznik|waiter/server
pralec-perica|washer-laundry worker
progovni-delavec|processing worker (this translation is quite broad)
proizvodni-delavec|production worker
skladiscnik|warehouseman
sluzkinja|maid
tezak|laborer
tezak-v-pristaniscu|dockworker
tovarniski-delavec|factory worker
varuh-solin|salt guardian
razvedrilna-in-sportna-dejavnost|entertainment and sports activity
kinologi|cynologists
kinolog|cynologist
radioamaterji|radio amateurs
radioamater|radio amateur
modelarji|modelers
raketni-modelar|rocket modeler
skavti|scouts
skavt|scout
sahisti|chess players
sahist|chess player
sahovski-mojster|chess master
sahovski-problemist|chess problem composer
sahovski-teoretik|chess theoretician
sahovski-velemojster|grandmaster (in chess)
sportniki|athletes
alpinist|alpinist
alpinisticni-deskar|alpine snowboarder
alpski-smucar|alpine skier
andinist|andinist (mountaineer in the andes)
atlet|athlete
avtomobilski-dirkac|car racer
balinar|bocce player/bowler
biatlonec|biathlete
gornik|miner (or mountaineer in some contexts)
hazenas|handball player
hokejist|hockey player
jadralec|sailor
jadralni-pilot|glider pilot
judoist|judoka
kajakas|kayaker
kajakas-na-divjih-vodah|white-water kayaker
kanuist|canoeist
kanuist-na-divjih-vodah|white-water canoeist
kegljac|bowler
kikboksar|kickboxer
kosarkar|basketball player
kotalkar|roller skater
ledni-plezalec|ice climber
namiznoteniski-igralec|table tennis player
nogometas|footballer/soccer player
nordijski-kombinatorec|nordic combined athlete
odbojkar|volleyball player
planinec|mountaineer
plavalec|swimmer
potapljac|diver
rokometas|handball player
sabljac|sabreur (fencer with a saber)
smucarski-skakalec|ski jumper
sportnik|athlete
sportni-kolesar|sports cyclist
sportni-padalec|sports parachutist
sportni-pilot|sports pilot
sportni-plezalec|sports climber
sportni-strelec|sports shooter
tekmovalec-v-paraskiju|para-ski competitor
tekvondoist|taekwondoist
telovadec|gymnast
teniski-igralec|tennis player
umetnostni-drsalec|figure skater
veslac|rower
sportni-delavci|sports workers
atletski-trener|athletic coach
gorski-resevalec|mountain rescuer
gorski-vodnik|mountain guide
instruktor-padalstva|parachute instructor
jadralni-trener|sailing coach
kineziolog|kinesiologist
kosarkarski-trener|basketball coach
markacist|trailblazer
mednarodni-telovadni-sodnik|international gymnastics judge
planinski-delavec|mountain worker
planinski-funkcionar|mountain official
plavalni-trener|swimming coach
smucarski-trener|skiing coach
smucarski-ucitelj|skiing instructor
sportni-delavec|sports worker
sportni-funkcionar|sports official
sportni-trener|sports coach
strokovnjak-za-konjenistvo|equestrian expert
strokovnjak-za-planinstvo|mountaineering expert
telesnokulturni-delavec|physical education worker
teniski-trener|tennis coach
trener|coach
trener-alpskega-smucanja|alpine skiing coach
trener-sportnega-plezanja|sports climbing coach
tehnicno-tehnoloske-vede|technical-technological sciences
arhitekti|architects
arhitekt|architect
dezelni-stavbenik|rural builder
mestni-stavbenik|urban builder
projektant-sportnih-objektov|sports facilities designer
urbanist|urban planner
drugi-inzenirji-in-tehniki|other engineers and technicians
inzenir|engineer
inzenir-konstruktor|design engineer
strokovnjak-za-hladilne-stolpe|cooling tower specialist
strokovnjak-za-preiskavo-materialov|materials testing specialist
strokovnjak-za-varilstvo|welding specialist
tehnik|technician
vakuumist|vacuum technician
varnostni-inzenir|safety engineer
strokovnjaki-s-podrocja-elektrotehnike-elektronike-telekomunikacij|experts in the field of electrical engineering, electronics, telecommunications
avtoelektricar|auto electrician
elektricar|electrician
elektroinzenir|electrical engineer
elektromehanik|electromechanic
elektromonter|electrical fitter
elektronik|electronics technician
elektrotehnik|electrical technician
energetik|energy engineer
inzenir-elektronike|electronics engineer
inzenir-elektrotehnike|electrical engineer
strokovnjak-za-ladijsko-elektrotehniko|maritime electrical engineering expert
strokovnjak-za-avtomatiko|automation expert
strokovnjak-za-telekomunikacije|telecommunications expert
tehnik-za-telekomunikacije|telecommunications technician
telegrafist|telegraphist
upravljalec-telefonskega-omrezja|telephone network operator
geodeti|surveyors
geodet|surveyor
geometer|geometer
gradbeniki|builders
gradbeni-inzenir|civil engineer
gradbeni-delovodja|construction supervisor
gradbeni-tehnik|construction technician
gradbenik|builder
graditelj-cerkvenih-stavb|church builder
statik|structural engineer
stavbar|builder
projektant|designer
stavbenik|builder
stavbni-mojster|master builder
strokovnjak-za-mehaniko-tal|soil mechanics expert
strokovnjak-za-potresno-inzenirstvo|earthquake engineering expert
hidrotehniki|hydrotechnical engineers
hidrotehnik|hydrotechnical engineer
izumitelji|inventors
glasbeni-izumitelj|musical inventor
inovator|innovator
izumitelj|inventor
izumitelj-fotografije-na-steklenih-ploscah|inventor of glass plate photography
tehnicni-inovator|technical innovator
tehnicni-izumitelj|technical inventor
kartografi|cartographers
kartograf|cartographer
racunalnicarji-informatiki|computer scientists/informaticians
biomedicinski-informatik|biomedical informatician
informatik|computer scientist/informatician
racunalnicar|computer technician
racunalnicarski-programer|computer programmer
strokovnjaki-lesarstva|forestry experts
lesar|lumberjack
lesni-inzenir|forest engineer
lesarski-strokovnjak|forestry expert
strokovnjaki-za-papirnistvo|paper industry experts
papirnicar|paper industry worker
strokovnjaki-rudarstva-metalurgije-ipd|experts in mining, metallurgy, etc.
inzenir-metalurgije|metallurgical engineer
jamomerec|mine surveyor
metalograf|metallographer
metalurg|metallurgist
montanist|mining engineer (specialized term)
rudar|miner
rudarski-inzenir|mining engineer
rudarski-strokovnjak|mining expert
rudarski-tehnik|mining technician
rudniski-nadzornik|mine supervisor
strokovnjaki-strojnistva|experts in mechanics
aviomehanik|aircraft mechanic
avtomehanik|automotive mechanic
inzenir-strojnistva|mechanical engineer
strojni-inzenir|mechanical engineer
strojni-tehnik|mechanical technician
strojnik|machinist
strokovnjak-strojnistva|mechanical expert
strokovnjaki-za-izdelavo-vozil|vehicle manufacturing experts
konstruktor|constructor/designer
ladjedelniski-inzenir|shipbuilding engineer
letalski-konstruktor|aircraft designer
strokovnjak-za-ladjedelnistvo|shipbuilding expert
strokovnjak-za-zeleznisko-vleko|railway traction expert
umetnost|art
fotografi|photographers
fotoamater|amateur photographer
fotograf|photographer
fotografski-strokovnjak|photography expert
fotoreporter|photojournalist
gledaliski-fotograf|theater photographer
industrijski-fotograf|industrial photographer
jamski-fotograf|cave photographer
krajinski-fotograf|landscape photographer
mojster-fotografije|master of photography
planinski-fotograf|mountain photographer
umetniski-fotograf|artistic photographer
glasbeni-ustvarjalci-poustvarjalci-in-teoretiki|music creators, performers, and theorists
glasbeniki|musicians
amaterski-glasbenik|amateur musician
cerkveni-glasbenik|church musician
glasbeni-aranzer|music arranger
glasbenik|musician
glasbeni-teoretiki|music theorists
glasbeni-teoretik|music theorist
muzikolog|musicologist
notograf|notographer (transcriber of music)
organolog|organologist (one who studies musical instruments)
zvonoslovec|campanologist (study of bells)
instrumentalisti|instrumentalists
cembalist|harpsichordist
cimbalist|cimbalom player
citrar|zither player
celist|cellist
fagotist|bassoonist
flavtist|flutist
godbenik|band member
godec|traditional violinist/fiddler
harfist|harpist
harmonikar|accordionist
hornist|horn player
instrumentalist|instrumentalist
jazzovski-pianist|jazz pianist
klarinetist|clarinetist
klasicni-kitarist|classical guitarist
klavicembalist|harpsichordist
koncertni-klarinetist|concert clarinetist
koncertni-mojster|concertmaster (lead violinist in an orchestra)
koncertni-pianist|concert pianist
koncertni-violoncelist|concert cellist
kontrabasist|double bass player
ljudski-godec|folk violinist/fiddler
organist|organist
orglar|organ maker
orglavec|organ player
pianist|pianist
saksofonist|saxophonist
trobentac|trumpeter
violinist|violinist
violist|violist
violoncelist|cellist
virtuoz-na-brundice|virtuoso on the tamburica (a type of string instrument)
vojaski-godbenik|military band musician
pevci|singers
altist|alto singer
baritonist|baritone singer
basbaritonist|bass-baritone singer
basist|bass singer
cerkveni-pevec|church singer
kantor|cantor
koncertni-pevec|concert singer
koncertni-solist|concert soloist
koralist|chorister
ljudski-pevec|folk singer
mezzosopranistka|mezzo-soprano singer
operetni-pevec|operetta singer
operni-pevec|opera singer
operni-zborist|opera chorus member
pevec|singer
pevec-narodno-zabavne-glasbe|folk-pop singer
pevec-zabavne-glasbe|pop singer
radijski-pevec|radio singer
sopranist|soprano singer
subreta|soubrette (a type of female role in opera/comedy)
sansonjer|chanson singer
tenorist|tenor singer
zborovski-pevec|choral singer
skladatelji-dirigenti-zborovodje|composers, conductors, choral conductors
amaterski-skladatelj|amateur composer
cerkveni-skladatelj|church composer
dirigent|conductor
kapelnik|bandmaster
komponist|composer
pevovodja|choral conductor
protestantski-skladatelj|protestant composer
skladatelj|composer
vojaski-kapelnik|military bandmaster
zborovodja|choral conductor
gledaliski-in-filmski-ustvarjalci-in-poustvarjalci|theater and film creators and performers
filmski-teoretiki|film theorists
filmski-teoretik|film theorist
animatorji|animators
animator-risanih-filmov|animated film animator
filmski-animator|film animator
filmarji|filmmakers
cineast|cinephile
filmar|filmmaker
filmski-delavec|film worker
filmski-snemalci|film cameramen
direktor-fotografije|director of photography
filmski-snemalec|film cameraman
snemalec|cameraman
igralci|actors
amaterski-igralec|amateur actor
filmski-igralec|film actor
gledaliski-igralec|theater actor
igralec|actor
komik|comedian
radijski-igralec|radio actor
televizijski-igralec|television actor
kostumografi|costume designers
kostumograf|costume designer
lutkarji|puppeteers
lutkar|puppeteer
kamisibajkar|kamishibai performer (a form of japanese street theater/storytelling)
lutkovni-animator|puppet animator
lutkovni-igralec|puppet actor
lutkovni-ustvarjalec|puppet creator
strokovnjak-za-lutkovno-umetnost|puppetry expert
mojstri-gledaliske-maske|theater makeup masters
mojster-gledaliske-maske|theater makeup master
montazerji|editors
montazer|editor
performerji|performers
performer|performer
plesalci-koreografi|dancers/choreographers
baletni-plesalec|ballet dancer
baletni-solist|ballet soloist
koreograf|choreographer
plesalec|dancer
plesni-solist|dance soloist
reziserji-scenaristi|directors/scriptwriters
amaterski-reziser|amateur director
asistent-rezije|assistant director
filmski-reziser|film director
filmski-scenarist|film scriptwriter
gledaliski-reziser|theater director
lutkovni-reziser|puppet theater director
operetni-reziser|operetta director
operni-reziser|opera director
radijski-reziser|radio director
reziser|director
reziser-zvoka|sound director
scenarist|scriptwriter
televizijski-reziser|television director
scenografi-gledaliski-delavci|set designers/theater workers
inscenator|staging director
inspicient|stage manager
scenograf|set designer
teatrologi|theaterologists
dramaturg|dramaturge
gledaliscnik|theater critic
gledaliski-teoretik|theater theorist
gledaliski-zgodovinar|theater historian
teatrolog|theaterologist
umetniski-vodja|artistic director
intermedijski-umetniki|intermedia artists
intermedijski-umetnik|intermedia artist
producenti|producers
glasbeni-producent|music producer
gledaliski-producent|theater producer
filmski-producent|film producer
producent|producer
tehnicni-producent|technical producer
videasti|video artists
videast|video artist
likovni-ustvarjalci|visual artists
likovni-teoretiki|visual art theorists
likovni-teoretik|visual art theorist
drugi-likovni-umetniki|other visual artists
dekorater|decorator
izdelovalec-vitrajev|stained glass maker
keramicar|ceramist
konceptualni-umetnik|conceptual artist
likovni-umetnik|visual artist
modeler|modeler
racunalniski-umetnik|computer artist
grafiki|graphic artists
akademski-grafik-specialist|academic graphic specialist
avtor-ekslibrisov|ex-libris author
bakrorezec|engraver
graficni-delavec|graphic worker
grafik|graphic artist
klisar|clich√© maker
litograf|lithographer
litografski-risar|lithographic draftsman
kiparji|sculptors
akademski-kipar|academic sculptor
kipar|sculptor
kipar-samouk|self-taught sculptor
oblikovalci|designers
oblikovalec|designer
graficni-oblikovalec|graphic designer
industrijski-oblikovalec|industrial designer
oblikovalec-luci|light designer
modni-oblikovalec|fashion designer
modni-ustvarjalec|fashion creator
oblikovalec-lutk|puppet designer
oblikovalec-nakita|jewelry designer
oblikovalec-oblacil|clothing designer
oblikovalec-notranje-opreme|interior designer
oblikovalec-tekstilij|textile designer
oblikovalec-umetne-obrti|craft designer
strokovnjak-za-modno-oblikovanje|fashion design expert
restavratorji|restorers
izdelovalec-maket|model maker
restavrator|restorer
slikarji-risarji|painters and draftsmen
avtor-stripov|comic author
akademski-slikar|academic painter
akvarelist|watercolor artist
cerkveni-slikar|church painter
freskant|fresco painter
iluminator|illuminator
ilustrator|illustrator
karikaturist|caricaturist
krajinski-slikar|landscape painter
miniaturist|miniaturist
mornariski-slikar|naval painter
risar|draftsman
scenski-slikar|scenic painter
silhuetist|silhouette artist
slikar|painter
slikar-naivec|naive painter
slikar-samouk|self-taught painter
tehnicni-risar|technical draftsman
literarni-ustvarjalci-in-poustvarjalci|literary creators and performers
dramatiki|dramatists
dramatik|playwright
pisec-dramskih-besedil|drama writer
pisec-radijskih-iger|radio play writer
dramatizatorji|dramatizers
dramatizator|dramatizer
esejisti|essayists
esejist|essayist
knjizevniki|writers
bukovnik|bookman
knjizevnik|writer
literat|man of letters
panegirik|panegyrist
ugankar|riddle writer
libretisti|librettists
libretist|librettist
pesniki|poets
avtor-besedil-popevk|songwriter
ljudski-pesnik|folk poet
mladinski-pesnik|young adult poet
narecni-pesnik|dialectal poet
pesnik|poet
pisatelji|writers
humorist|humorist
humoristicni-pripovednik|humorous narrator
ljudski-pisatelj|folk writer
mladinski-pisatelj|young adult writer
pisatelj|writer
pravljicar|fairy tale writer
pripovednik|storyteller
prozaist|prose writer
romanopisec|novelist
satirik|satirist
vojska|military
admiral|admiral
brigadir|brigadier
castnik|officer
feldmarsal|field marshal
general|general
generallajtnant|lieutenant general
generalmajor|major general
generalpodpolkovnik|lieutenant colonel general (rarely used term, specific to some military systems)
generalpolkovnik|colonel general
granicarski-oficir|border officer
inzenirski-porocnik|engineering lieutenant
konjeniski-stotnik|cavalry captain
kontraadmiral|rear admiral
letalski-kapetan|flight captain
major|major
marsal|marshal
mornariski-castnik|naval officer
mornariski-podcastnik|naval lieutenant
oficir|officer
orozniski-porocnik|ordnance lieutenant
podcastnik|lieutenant
podmarsal|deputy marshal
podoficir|non-commissioned officer
podpolkovnik|lieutenant colonel
podporocnik|second lieutenant
politicni-komisar|political commissar
polkovnik|colonel
pomorski-oficir|naval officer
poveljnik-mornarice|naval commander
porocnik|lieutenant
porocnik-bojne-ladje|battle ship lieutenant
stotnik|captain
topniski-strokovnjak|artillery expert
veliki-admiral|grand admiral
viceadmiral|vice admiral
vojak|soldier
vojaski-castnik|military officer
vojaski-funkcionar|military official
vojaski-komisar|military commissar
vojaski-pilot|military pilot
vojaski-poveljnik|military commander
vojasko-politicni-poveljnik|military-political commander
vojaski-tehnik|military technician
vojaski-usluzbenec|military servant
vojskovodja|military leader
zdravstvo|healthcare
farmacevti|pharmacists
farmacevt|pharmacist
farmacevtski-tehnik|pharmaceutical technician
farmakolog|pharmacologist
lekarnar|pharmacist
veterinarji|veterinarians
veterinar|veterinarian
veterinarski-pisec|veterinary writer
zoohigienik|zoo hygienist
zivinozdravnik|poultry veterinarian
zdravilci|healers
apiterapevt|apitherapist
homeopat|homeopath
ljudski-zdravnik|folk healer
ranocelnik|wound chief
zdravilec|healer
zeliscar|herbalist
zdravstveni-negovalci-in-tehniki|healthcare caregivers and technicians
babicar|midwife
bolnicar|hospital attendant
bolniski-negovalec|hospital caregiver
zdravstveni-tehnik-medicinska-sestra|healthcare technician-nurse
medicinski-tehnik|medical technician
otroski-negovalec|pediatric nurse
patronazna-sestra|community nurse
rentgenski-tehnik|x-ray technician
zobni-asistent|dental assistant
zdravniki|doctors
anatom|anatomist
alergolog|allergologist
anesteziolog|anesthesiologist
bakteriolog|bacteriologist
balneolog|balneologist
dermatolog|dermatologist
dermatovenerolog|dermatovenerologist
endokrinolog|endocrinologist
epidemiolog|epidemiologist
fiziolog|physiologist
ftiziolog|phthisiologist
gerontolog|gerontologist
ginekolog|gynecologist
hematolog|hematologist
hidropat|hydropathist
higienik|hygienist
hipertenziolog|hypertensiologist
imunolog|immunologist
infektolog|infectious disease specialist
intenzivist|intensivist
internist|internist
kardiolog|cardiologist
kardiovaskularni-kirurg|cardiovascular surgeon
kirurg|surgeon
klinicni-genetik|clinical geneticist
laringolog|laryngologist
medicinski-terminolog|medical terminologist
neonatolog|neonatologist
nevrokirurg|neurosurgeon
nevrolog|neurologist
nevropsihiater|neuropsychiatrist
nozolog|nosologist
obducent|medical examiner
oftalmolog|ophthalmologist
okulist|oculist
onkolog|oncologist
organizator-socialne-medicine|organizer of social medicine
organizator-kirurske-dejavnosti|organizer of surgical activities
organizator-zdravstvene-sluzbe|organizer of health services
otorinolaringolog|otolaryngologist
ortoped|orthopedist
patolog|pathologist
pediater|pediatrician
pedopsihiater|child psychiatrist
plasticni-kirurg|plastic surgeon
porodnicar|obstetrician
psihiater|psychiatrist
pulmolog|pulmonologist
radiolog|radiologist
radiorentgenolog|radiographer
rentgenolog|roentgenologist
revmatolog|rheumatologist
specialist-fizikalne-medicine|specialist in physical medicine
specialist-medicine-dela|occupational medicine specialist
specialist-nuklearne-medicine|nuclear medicine specialist
specialist-rehabilitacije|rehabilitation specialist
specialist-socialne-medicine|social medicine specialist
specialist-splosne-medicine|general medicine specialist
specialist-sportne-medicine|sports medicine specialist
strokovnjak-za-zdravljenje-odvisnosti-od-alkohola|specialist in alcohol addiction treatment
transfuziolog|transfusiologist
travmatolog|traumatologist
urolog|urologist
virolog|virologist
vojaski-zdravnik|military doctor
zdravnik|doctor
zdravnik-drzavne-sanitarne-sluzbe|state health service doctor
zobni-zdravnik|dentist
zobozdravnik|dentist
oralni-kirurg|oral surgeon
stomatolog|stomatologist (another term for dentist, more commonly used in some countries)
zobozdravnik|dentist
ortodont|orthodontist
